Surface_m2,Jardin_m2
377,428
367,351
217,491
360,425
342,214
354,436
268,202
320,273
292,281
331,470
256,234
212,287
307,457
214,248
352,280
325,327
299,491
390,400
236,450
278,427
267,232
309,436
232,417
367,265
339,286
212,466
267,256
288,346
266,239
202,490
228,322
296,257
368,428
381,410
351,408
280,205
388,278
259,341
306,355
276,437
344,328
304,436
205,497
385,384
310,246
262,217
310,242
312,491
209,268
250,256
366,360
375,262
396,495
341,273
357,225
305,315
252,332
398,366
270,271
295,271
381,325
306,403
290,414
385,260
300,487
241,387
301,281
216,279
377,405
223,431
201,318
307,324
360,262
254,288
255,365
310,373
332,324
296,492
274,314
288,239
373,259
296,415
356,339
363,347
268,374
367,363
248,401
397,328
374,294
229,233
287,483
291,316
350,440
399,370
275,296
335,277
204,432
298,203
383,303
290,236
230,498
267,372
385,359
245,424
248,326
368,397
227,435
360,497
393,482
206,254
371,291
282,493
345,461
267,413
324,310
339,238
300,478
241,466
265,312
273,497
223,461
253,325
375,306
328,228
296,363
226,476
205,325
398,301
348,399
233,422
374,360
291,464
296,457
321,334
301,271
349,405
208,256
245,219
326,316
379,459
222,455
258,328
376,357
222,387
368,473
348,483
247,447
274,259
380,318
264,392
395,375
326,453
366,251
391,344
354,307
257,330
206,450
335,465
229,493
297,434
264,223
369,343
314,310
272,372
267,319
264,352
365,460
318,441
377,458
363,279
262,230
230,426
246,427
363,280
314,388
244,355
221,461
210,200
218,491
333,292
281,393
355,404
229,452
371,227
348,312
280,266
337,480
206,319
336,219
294,440
235,410
340,238
383,466
209,224
307,410
346,419
316,447
355,279
254,359
360,234
300,407
263,481
222,359
318,331
373,413
250,391
268,223
213,296
236,396
263,277
325,312
304,353
254,408
307,324
394,487
357,456
261,201
217,428
253,280
264,265
270,233
370,349
219,402
204,217
396,287
393,203
310,424
387,469
256,314
304,411
304,313
237,206
214,244
385,450
225,342
341,351
384,359
356,287
349,312
275,211
207,442
276,236
273,396
284,388
361,492
341,337
286,328
312,300
352,387
341,267
274,378
362,442
371,344
370,330
305,390
340,334
218,399
396,258
393,473
386,252
261,430
397,451
299,243
352,245
292,210
319,461
253,351
378,329
321,285
200,358
367,327
352,431
208,469
242,477
385,290
320,284
302,333
341,323
251,403
377,289
262,471
227,289
238,425
372,303
349,359
387,495
386,384
218,449
280,359
222,389
371,478
380,390
253,361
289,411
348,246
389,289
234,406
390,228
205,284
371,403
221,280
388,409
304,437
283,284
313,381
392,306
226,330
339,396
262,256
323,270
228,361
252,385
357,201
228,411
369,340
354,489
325,205
392,491
238,259
268,382
264,318
306,263
368,413
257,222
315,259
380,461
235,265
263,282
332,222
286,493
332,289
384,285
272,300
201,397
380,424
289,250
342,437
318,344
239,344
322,379
270,288
263,284
327,283
316,319
203,344
212,392
275,385
342,299
237,410
382,490
392,405
331,379
212,284
277,384
366,310
209,487
306,347
392,351
286,375
315,214
278,240
317,328
270,358
327,319
228,319
303,370
295,249
220,465
340,486
300,466
298,316
279,252
331,328
346,417
308,387
234,341
255,286
331,312
385,231
290,282
321,203
275,281
325,376
245,454
265,441
370,321
330,284
344,401
359,487
212,365
269,244
306,282
372,499
292,417
213,402
383,411
297,367
361,223
299,426
310,466
247,482
233,387
241,389
343,491
259,350
222,257
226,339
272,308
367,434
221,452
233,304
293,205
245,246
232,498
288,426
329,239
338,304
203,477
390,227
293,208
206,287
259,411
270,361
278,411
277,300
242,441
259,492
296,391
320,321
374,364
304,486
290,490
252,295
249,467
317,497
335,346
351,305
353,322
269,209
269,220
369,240
320,271
269,321
261,378
223,335
394,218
358,270
232,348
270,202
266,370
240,256
256,407
338,490
271,271
340,462
356,485
302,479
333,297
360,366
308,346
367,359
337,410
208,474
369,286
230,387
240,234
388,244
258,327
225,490
293,384
230,475
365,210
306,438
306,249
285,428
272,382
271,455
295,336
310,400
385,323
330,489
340,246
248,305
393,214
229,400
384,445
390,317
361,367
332,326
225,369
255,409
356,267
325,283
388,395
394,403
353,285
365,256
387,392
379,307
278,388
225,401
337,451
256,278
367,202
259,357
352,257
229,313
384,313
376,433
299,273
295,475
205,226
250,308
385,206
381,352
221,349
218,353
276,308
355,351
286,391
229,306
234,256
266,443
365,429
333,217
287,472
290,311
316,375
229,404
213,456
239,370
370,427
327,422
389,440
221,230
323,494
240,284
297,218
332,281
392,477
312,492
244,309
368,203
309,465
265,400
365,449
319,452
258,287
316,243
202,470
369,289
365,302
281,485
328,372
327,415
346,338
282,335
303,212
290,405
290,277
344,415
375,226
210,279
295,363
364,219
216,218
360,491
267,212
203,317
258,377
372,223
222,449
273,414
284,386
363,235
207,307
357,202
311,262
256,338
348,389
332,352
331,468
385,479
382,251
306,362
328,208
259,471
339,472
338,203
364,445
380,496
331,381
270,462
325,490
284,467
308,427
205,425
388,322
319,448
381,499
265,480
318,376
261,203
306,268
245,226
281,405
344,382
349,491
314,245
203,395
242,289
277,300
221,323
216,256
331,407
336,292
342,226
231,279
353,486
241,474
329,472
397,433
383,227
307,415
218,424
222,482
320,214
368,390
231,492
222,398
213,349
257,228
266,487
384,204
277,389
240,461
206,306
241,484
235,284
335,324
236,235
234,353
232,433
295,422
378,391
252,274
351,276
368,386
233,232
363,234
297,464
235,362
224,401
390,339
340,464
294,389
278,431
361,258
213,476
292,479
254,355
242,317
298,426
235,214
393,272
319,390
360,282
248,220
307,321
225,244
340,259
270,231
293,237
379,493
296,392
202,318
296,257
311,412
384,492
275,254
287,363
365,221
264,422
326,407
250,480
344,275
334,441
303,478
296,264
396,261
276,258
328,377
356,260
386,461
221,480
386,398
203,229
234,207
314,378
394,235
316,255
362,208
202,225
386,283
303,305
365,345
344,373
362,288
359,321
348,257
330,343
275,332
309,308
394,239
269,272
381,419
325,452
357,223
225,396
321,430
305,421
369,251
285,226
305,327
298,399
276,306
271,439
371,327
286,370
314,397
382,205
379,403
212,301
227,474
318,227
363,398
385,352
336,233
351,336
334,291
300,443
357,261
282,213
329,361
365,240
336,344
261,480
324,314
225,437
288,453
247,213
242,286
359,400
309,332
304,443
364,231
323,303
363,336
287,251
262,216
390,447
293,350
324,442
256,234
203,324
377,344
298,449
308,492
243,252
307,349
302,481
315,323
359,414
296,211
356,229
264,409
285,399
362,469
252,429
313,458
210,444
243,357
370,375
338,235
296,255
366,473
286,482
351,313
309,308
249,303
217,370
250,459
312,319
276,290
237,375
293,420
214,212
213,221
339,474
285,450
277,404
284,406
388,423
218,496
213,424
317,454
394,274
320,304
333,228
363,485
284,376
364,413
282,343
283,290
237,231
255,403
374,265
383,223
247,371
229,491
307,467
337,328
205,452
354,474
384,384
347,459
376,338
208,463
213,424
259,230
302,408
230,431
275,324
228,495
267,228
250,292
380,325
275,332
338,466
342,310
381,328
213,371
389,251
245,356
243,209
325,308
394,482
304,292
287,434
304,304
305,412
200,245
381,438
251,212
364,242
357,350
267,385
211,293
214,284
228,434
380,447
274,391
388,499
373,402
251,248
276,433
240,392
277,263
298,316
356,455
382,481
242,234
352,244
268,333
352,232
294,496
359,439
306,225
235,327
311,474
257,422
283,236
209,406
389,319
324,267
343,464
329,307
334,459
201,369
275,356
359,295
341,293
282,348
372,300
243,267
311,480
225,271
309,346
322,463
270,411
397,329
365,346
265,461
235,407
262,322
226,203
300,418
264,241
310,306
396,402
303,211
253,414
368,202
359,423
253,446
209,284
241,310
201,309
256,379
371,479
274,413
362,393
381,220
389,336
286,202
323,319
250,219
211,485
267,429
309,425
320,406
282,436
386,470
371,358
290,483
237,446
268,419
204,439
204,492
342,257
257,491
369,276
341,415
343,239
364,389
274,216
226,486
282,388
353,366
377,359
376,428
398,325
313,405
304,247
238,223
323,349
316,406
239,330
335,424
374,477
223,282
337,340
288,287
300,318
288,319
312,330
263,387
350,275
299,266
248,323
393,404
291,459
376,404
320,275
306,451
350,396
319,316
339,337
329,415
285,240
362,422
365,368
334,411
238,484
360,251
242,313
290,415
375,455
338,458
270,498
210,249
256,219
372,456
238,315
342,342
345,287
313,312
310,382
253,399
330,290
361,401
230,414
229,407
382,356
368,283
339,418
235,483
314,463
210,231
362,340
352,408
214,459
268,459
213,390
292,431
281,456
269,382
391,269
285,495
356,248
264,407
226,325
293,441
285,374
264,375
206,286
356,255
243,262
290,326
275,261
276,421
299,271
394,483
301,217
317,219
255,241
381,486
353,404
305,368
299,279
376,450
388,361
208,275
374,374
351,201
274,469
382,461
282,493
365,388
229,305
308,440
294,447
268,492
346,267
323,339
372,350
262,255
249,366
357,434
260,203
282,228
202,258
323,322
299,235
346,289
392,335
280,201
220,346
234,333
395,313
230,381
241,312
223,214
273,207
288,478
247,474
388,288
233,480
328,272
328,420
344,217
332,264
296,222
231,319
377,381
347,429
275,497
255,306
339,381
304,471
216,407
250,381
324,239
283,222
227,389
265,249
295,410
267,453
307,441
233,254
215,428
306,491
337,216
341,235
348,391
370,283
250,446
293,430
361,256
233,319
303,479
294,230
305,405
364,477
222,322
318,286
320,415
379,455
296,341
331,324
286,273
353,215
256,313
349,222
205,328
246,434
316,404
353,364
336,245
302,325
223,463
373,329
248,299
299,496
352,348
237,477
389,410
224,413
293,496
332,329
298,493
225,361
311,374
312,406
348,424
334,212
392,355
228,469
305,261
204,387
291,268
252,400
283,316
333,470
352,433
266,300
298,222
338,245
303,400
216,432
249,353
386,478
369,300
214,292
270,343
386,290
329,243
374,429
281,427
205,227
375,402
333,381
301,260
313,222
332,388
372,395
300,359
356,216
278,357
296,391
281,371
393,472
309,294
341,218
279,474
370,445
327,405
303,422
390,417
350,483
330,452
358,455
213,468
226,284
288,354
304,274
362,334
364,298
393,343
392,403
384,452
247,310
294,301
357,361
381,390
268,263
221,344
290,410
228,227
304,485
321,244
249,463
290,442
282,289
377,242
259,343
269,466
282,260
315,242
214,438
320,422
277,475
258,498
361,350
273,300
356,258
241,463
393,412
301,466
279,411
315,446
387,225
389,239
391,303
323,221
327,493
395,462
269,378
234,470
212,406
273,347
252,211
337,449
395,248
337,388
305,417
399,398
288,462
268,374
344,424
376,422
382,371
258,207
221,465
288,299
234,495
323,487
270,409
314,212
291,452
218,457
255,385
367,295
257,497
363,227
371,485
338,469
370,307
204,359
230,464
355,357
340,302
343,343
225,210
210,332
254,412
315,395
280,478
220,265
296,209
343,234
210,266
242,200
357,233
264,496
388,281
210,253
231,201
265,373
368,288
209,352
225,321
281,305
277,227
248,412
308,494
317,266
201,436
297,378
321,329
328,371
201,242
382,317
286,319
330,311
238,267
205,382
395,424
362,428
389,384
303,236
340,386
314,216
266,272
378,249
379,289
205,301
298,384
208,216
220,376
287,356
208,266
328,246
361,444
248,443
264,385
235,275
369,423
360,398
217,329
210,336
227,361
351,495
271,456
262,326
399,228
290,269
297,406
335,369
216,376
235,216
380,217
345,481
368,355
365,279
380,407
362,259
231,469
348,262
216,428
221,397
321,480
211,248
282,394
309,297
345,460
323,299
354,266
259,239
318,448
387,399
393,344
270,242
334,361
227,474
385,351
312,419
288,236
329,348
225,370
395,331
355,325
321,254
355,433
248,338
212,244
296,450
290,285
391,229
337,212
304,324
378,359
387,318
397,388
363,224
208,438
371,296
334,366
263,483
209,491
242,423
349,405
297,413
372,346
326,402
230,279
365,321
379,262
326,305
320,270
249,391
218,316
247,204
219,466
236,428
342,483
390,267
288,392
206,332
375,355
335,223
277,242
244,339
334,463
220,471
271,401
362,322
208,267
317,477
315,414
381,446
248,276
297,368
380,446
305,332
211,471
279,434
294,263
231,497
229,384
325,425
268,305
359,203
332,481
248,348
281,284
381,225
334,389
258,311
348,393
265,318
293,477
386,247
252,400
299,269
361,261
392,418
236,477
361,385
344,330
246,334
399,448
223,365
263,314
289,366
304,435
289,220
201,412
301,422
283,494
304,311
308,453
244,278
264,389
314,225
311,210
324,228
234,481
201,277
393,368
215,270
333,234
370,412
276,261
336,259
376,323
263,276
365,331
274,221
245,226
320,204
233,207
371,212
374,395
236,363
270,430
232,434
235,413
330,372
384,462
259,202
255,426
385,337
317,367
216,204
320,242
302,380
339,257
291,494
273,373
263,271
312,254
354,315
370,440
240,221
207,352
310,245
324,294
356,306
383,330
224,445
293,422
219,233
368,300
346,468
294,341
364,437
368,274
299,400
343,470
306,466
343,364
388,418
263,204
343,310
222,286
352,476
341,329
345,317
375,244
364,365
334,211
399,444
259,288
208,495
293,372
242,283
242,287
259,275
383,296
357,496
329,286
349,220
296,413
303,249
305,330
223,386
326,458
323,218
273,441
326,298
313,368
345,316
302,266
329,409
232,274
229,410
383,469
328,243
272,474
316,460
269,373
335,412
306,293
280,489
286,229
234,266
351,414
210,401
313,335
255,341
272,451
359,405
369,270
283,298
398,280
268,437
333,336
222,367
274,208
251,282
349,292
286,321
312,390
304,227
251,245
201,338
237,371
332,352
218,358
219,240
297,456
300,378
300,416
321,451
266,209
302,217
212,251
283,479
396,405
263,495
259,308
335,230
253,482
315,354
263,235
352,209
386,454
344,485
385,342
239,309
322,212
211,441
210,330
310,383
271,240
386,367
311,249
362,478
320,382
252,448
326,463
352,445
330,452
220,323
237,376
322,393
222,494
384,488
257,437
296,205
295,361
377,377
243,444
375,454
261,468
205,426
310,263
392,365
252,282
249,298
280,267
231,380
357,367
238,270
270,350
283,380
301,374
378,238
257,415
303,476
296,240
220,428
282,298
317,492
353,256
362,445
310,302
249,299
383,366
201,441
340,290
348,200
272,332
377,218
358,437
384,403
222,218
306,351
211,356
370,498
220,220
253,497
307,453
226,306
366,278
274,389
382,223
332,491
221,294
229,350
332,469
230,415
344,427
214,269
236,257
231,348
345,470
234,268
269,408
236,435
309,496
324,381
248,414
355,265
218,407
324,251
397,263
307,308
279,268
374,476
326,233
371,207
213,209
274,413
391,276
287,498
269,336
284,327
370,284
202,255
324,488
330,235
209,395
252,444
399,453
272,454
368,490
272,256
245,307
280,212
298,437
246,276
271,221
268,268
221,407
225,205
307,351
333,238
383,353
267,420
247,408
363,368
226,451
240,482
372,203
365,350
395,443
296,231
202,482
305,369
346,291
336,309
214,473
383,328
340,339
336,304
235,342
240,205
315,336
286,484
252,220
257,413
380,313
232,408
207,342
229,400
205,411
350,201
309,355
215,313
350,337
313,231
253,229
232,360
383,449
350,434
260,402
344,393
283,405
341,319
251,225
261,464
322,366
280,250
229,344
303,303
353,341
204,415
255,328
234,384
352,242
371,345
293,332
229,241
244,480
333,408
241,427
327,306
332,265
355,335
393,369
214,357
232,447
372,406
253,272
251,242
327,492
335,357
271,294
334,259
278,393
238,349
308,404
227,390
209,288
277,239
283,317
203,492
258,402
356,412
356,396
371,232
243,402
309,235
256,350
206,459
259,213
232,235
277,405
251,463
273,246
381,273
212,362
249,319
245,429
321,375
221,450
237,360
320,340
396,209
355,496
319,286
257,333
248,345
216,241
259,388
323,425
364,212
301,211
240,243
237,455
273,413
208,380
229,262
370,327
373,324
353,464
257,218
283,432
320,446
216,207
234,407
330,473
352,382
396,428
242,338
213,454
258,425
399,372
269,274
380,259
297,277
231,456
229,483
218,234
295,455
290,211
396,454
349,328
213,219
335,497
285,494
355,342
284,214
338,435
283,365
305,492
285,325
235,489
337,266
339,325
200,268
382,406
354,499
273,489
397,291
382,456
306,332
261,417
338,414
313,226
385,454
237,244
264,242
328,469
328,323
380,218
238,340
319,422
292,320
394,376
293,389
294,419
347,491
256,313
350,348
372,483
352,354
378,370
311,323
218,445
342,222
339,393
322,484
268,301
284,245
359,252
387,279
202,360
233,334
257,305
323,460
209,407
204,395
339,241
359,491
289,255
291,235
247,271
328,293
204,243
219,335
210,364
355,487
331,295
352,391
200,244
392,417
237,369
356,409
274,249
313,447
372,345
346,295
390,416
340,342
224,383
304,388
302,386
350,478
387,332
247,493
249,488
236,245
385,433
361,386
307,433
203,434
229,441
224,413
393,474
255,458
396,263
275,270
334,460
315,222
247,449
365,204
227,492
350,363
301,419
218,493
382,234
220,234
373,410
293,478
382,443
367,390
219,483
342,397
299,371
366,448
254,209
330,277
305,297
396,280
391,257
317,494
368,436
215,289
250,448
385,324
288,224
261,248
227,232
344,284
295,237
310,402
262,443
273,271
258,496
272,498
222,309
281,399
243,365
303,462
328,440
255,387
301,304
268,480
361,389
268,470
251,434
246,479
322,281
383,447
297,386
276,324
352,471
325,487
278,380
294,332
360,357
235,475
383,429
233,278
213,297
308,314
299,391
380,332
347,442
216,232
365,245
331,286
262,436
203,232
271,370
388,383
359,327
260,334
286,333
337,248
245,424
263,276
392,268
260,250
227,293
282,352
395,375
289,247
315,401
282,393
352,410
227,226
293,485
391,398
229,223
264,308
231,279
330,318
248,458
201,457
282,417
341,288
273,464
318,391
258,362
261,398
287,414
391,306
234,441
339,490
247,323
263,468
210,379
340,340
390,491
307,321
398,494
256,316
323,382
204,420
395,389
306,218
382,325
237,205
288,406
304,364
281,451
354,438
350,316
399,388
330,319
246,282
385,265
330,264
219,307
230,204
290,358
328,330
253,454
269,411
289,417
272,368
296,380
266,386
372,243
244,400
362,303
340,338
335,229
323,440
332,475
382,206
380,462
201,362
398,308
382,454
253,255
347,304
295,320
283,395
320,205
353,455
256,397
364,262
326,396
273,418
260,416
370,431
251,262
301,201
272,496
214,262
246,473
276,311
259,380
368,402
256,483
387,339
200,482
282,493
206,414
269,315
332,255
244,341
231,268
241,205
264,325
225,478
232,277
235,261
342,281
203,394
264,325
315,223
341,232
384,339
386,443
305,485
221,405
363,361
327,363
277,201
394,437
281,387
353,355
301,398
378,490
282,236
346,226
214,288
380,266
218,399
269,444
316,345
229,240
385,317
376,340
374,249
309,367
345,351
221,347
306,331
317,373
393,219
233,248
302,277
365,245
289,330
203,443
351,443
201,486
381,423
206,372
386,421
295,384
334,419
389,265
363,416
345,432
389,297
353,271
277,455
248,278
208,239
283,332
218,234
248,499
297,271
340,360
333,203
348,246
280,253
344,234
242,374
284,285
203,309
371,212
313,271
387,487
329,259
388,347
369,202
203,419
359,230
355,468
228,313
388,493
256,228
308,211
209,274
304,343
290,228
349,443
257,381
228,496
265,240
231,430
242,209
286,363
206,311
303,437
242,426
281,203
282,276
311,220
213,472
325,421
288,284
257,209
345,327
221,230
285,424
352,209
394,329
250,441
321,338
210,323
371,329
214,328
284,324
223,226
323,480
289,346
349,294
312,394
201,390
356,292
303,426
239,244
238,258
359,238
320,461
372,287
315,395
281,238
235,467
254,247
321,445
395,283
359,259
257,474
379,497
379,360
219,236
373,302
311,214
294,436
381,242
381,387
275,378
295,424
380,450
382,380
227,200
254,471
339,482
257,375
332,470
241,412
331,369
385,363
387,414
385,317
254,210
382,332
246,405
344,294
254,278
344,260
237,476
203,245
303,492
330,476
276,389
229,227
310,231
233,241
290,474
225,295
222,227
329,300
326,290
358,314
340,217
225,246
241,342
371,369
279,260
281,264
229,417
205,429
215,466
260,280
271,315
289,371
274,215
263,231
383,494
275,290
229,298
212,415
345,456
373,272
285,218
222,449
303,482
318,389
332,465
205,292
300,322
261,288
310,284
287,246
229,412
328,320
381,470
374,317
350,239
231,411
370,439
292,440
250,352
277,285
213,489
317,448
290,301
218,328
288,310
304,399
312,477
277,223
396,478
328,442
352,234
312,357
291,201
390,303
287,318
373,311
207,249
384,259
224,433
242,466
391,411
384,397
304,245
290,225
271,342
341,248
367,217
306,366
267,206
393,435
392,204
398,355
335,310
350,362
218,393
366,214
256,374
326,400
267,420
375,429
249,393
253,454
264,226
263,442
338,230
237,448
352,309
333,286
289,439
333,488
305,331
282,211
239,484
207,360
258,457
372,334
326,259
226,467
264,246
262,287
326,467
214,374
398,297
297,324
200,484
258,239
249,498
347,360
379,400
377,477
324,447
282,431
360,395
370,363
261,329
385,468
378,487
276,451
304,220
327,349
394,361
327,311
398,341
365,479
374,231
362,370
217,350
335,463
378,476
359,278
303,395
243,376
219,327
296,407
361,241
206,441
252,312
336,316
306,397
306,370
355,208
240,456
241,407
240,242
260,396
364,271
326,412
220,450
229,404
229,356
359,349
386,227
308,202
348,307
387,409
298,401
220,389
327,235
393,341
311,311
352,431
273,412
363,407
360,347
249,458
371,260
273,414
259,499
310,465
340,456
278,362
295,492
214,249
228,310
67,35
51,92
119,65
87,37
63,75
104,44
65,85
88,90
63,87
114,91
70,57
70,87
51,35
53,56
54,29
84,26
64,38
75,59
61,41
83,28
59,48
57,79
112,23
97,96
81,63
114,45
77,83
108,80
92,56
82,33
90,57
75,87
61,33
111,30
51,23
83,77
50,45
103,24
107,40
87,34
69,48
91,72
88,38
119,94
65,65
85,80
103,72
52,60
113,21
106,56
65,90
107,57
72,33
118,63
94,41
117,97
52,73
106,40
104,39
116,46
54,40
85,97
65,95
64,44
75,41
119,45
88,92
67,74
92,87
77,69
99,69
81,20
70,54
57,87
85,28
92,27
51,33
52,35
106,99
119,68
93,54
62,82
98,56
78,42
107,32
99,27
104,78
68,61
66,89
99,59
117,25
87,86
101,97
80,33
64,69
97,61
105,42
102,85
100,66
60,62
113,39
71,37
69,74
80,54
85,79
67,38
113,24
65,43
114,51
93,79
67,44
83,28
74,62
76,68
68,48
101,66
99,61
52,31
119,63
117,85
86,83
111,26
93,45
68,80
66,23
92,68
76,81
81,35
95,67
80,34
80,67
102,73
72,52
112,75
61,92
106,89
114,66
91,20
94,78
90,42
105,95
111,89
66,39
84,92
104,43
115,60
104,99
54,68
63,42
58,74
107,76
69,52
108,47
80,80
102,92
72,37
97,72
100,52
119,80
86,20
116,21
94,45
114,66
65,41
115,51
68,30
75,54
118,96
63,31
114,53
119,62
66,23
114,73
54,97
70,23
83,57
96,24
116,55
58,59
66,90
95,52
89,87
107,85
77,34
52,38
92,44
59,50
84,67
102,74
103,46
105,63
66,93
96,94
58,77
115,70
61,99
92,30
86,95
98,91
63,92
95,40
110,78
99,51
89,43
63,22
110,94
105,40
77,51
109,78
99,68
93,41
104,38
73,92
83,74
91,46
74,78
70,59
85,66
73,44
107,98
75,79
50,32
76,84
107,87
72,30
115,85
55,57
60,46
50,98
95,39
111,71
53,74
80,61
118,49
100,75
60,38
119,78
54,76
109,79
71,96
79,63
102,97
98,43
59,87
71,21
75,73
59,40
89,87
64,47
56,90
100,32
79,20
75,94
95,97
115,32
72,89
80,34
110,21
91,29
60,32
60,92
52,39
106,31
84,94
74,94
88,95
66,50
65,37
90,79
73,42
70,76
66,59
96,81
71,54
88,63
105,37
77,93
83,56
102,96
106,54
94,72
97,77
116,82
92,69
116,66
110,57
100,47
69,34
65,75
91,35
114,77
72,38
86,57
54,70
108,61
87,68
109,98
92,61
86,28
87,30
66,43
94,90
79,43
73,84
72,75
61,74
106,67
117,48
97,33
52,99
93,71
81,63
77,77
118,45
102,48
92,90
89,90
114,38
78,45
67,33
66,58
52,92
82,74
56,32
112,94
58,32
105,30
111,30
89,80
114,27
117,23
88,99
94,65
51,40
103,33
53,47
91,42
75,51
57,69
72,79
118,82
117,70
95,27
84,75
87,52
75,62
95,44
53,27
65,64
107,39
58,28
77,33
68,28
113,81
88,89
95,94
55,85
69,55
53,47
107,42
50,24
115,34
74,63
76,74
102,24
52,85
98,69
82,54
100,78
112,50
64,75
52,49
77,65
95,46
93,51
77,50
87,77
92,35
115,48
105,57
55,81
70,67
83,81
57,84
79,51
84,84
95,57
82,82
90,67
116,98
95,89
100,54
114,52
80,33
69,81
111,92
56,85
62,97
119,25
115,82
74,61
52,93
59,95
80,25
60,98
95,51
73,35
56,51
86,73
61,63
114,67
72,55
67,35
72,95
74,97
93,39
107,30
71,72
119,45
102,91
83,92
73,97
111,44
112,47
95,21
80,99
91,88
109,66
93,73
100,35
98,72
66,73
61,72
85,36
110,73
79,26
74,43
70,70
55,97
85,30
83,59
81,78
105,68
113,57
61,82
70,50
110,48
114,71
114,58
50,42
64,29
70,77
117,34
94,57
52,84
81,98
97,64
103,47
67,53
75,40
66,30
109,91
74,99
59,20
110,70
83,77
67,30
59,80
79,37
57,59
106,73
98,95
62,28
74,63
117,92
85,91
105,95
95,81
56,85
60,84
69,91
115,38
103,54
118,81
99,95
78,95
88,78
89,93
86,37
115,25
112,31
92,63
62,69
113,48
77,31
56,36
108,52
65,68
88,84
82,33
71,43
110,82
85,38
51,39
108,21
53,42
73,61
54,64
110,96
118,28
108,54
113,31
83,81
52,92
108,57
76,56
88,38
116,70
63,98
75,34
80,27
119,54
92,82
108,67
103,62
102,20
115,77
84,65
101,73
108,88
56,94
104,63
64,92
59,45
60,93
57,92
62,60
62,37
78,97
84,74
107,80
73,64
88,55
97,93
75,93
76,30
91,73
55,99
109,61
75,22
110,94
53,89
75,45
87,81
76,30
99,86
114,56
72,99
75,66
95,48
62,21
116,78
108,52
90,85
115,47
72,24
86,69
56,21
52,32
89,54
100,52
93,33
84,61
90,49
80,74
107,30
112,51
63,39
82,81
119,70
57,82
75,54
70,56
115,35
70,60
118,42
91,28
54,41
96,68
51,75
74,22
95,25
111,55
62,25
104,69
81,25
115,42
98,34
55,91
95,90
56,58
74,26
52,85
104,92
100,40
88,99
113,36
67,31
64,96
105,48
92,78
117,46
119,22
50,41
118,91
112,55
76,88
62,68
114,54
74,93
52,95
105,81
99,59
80,90
72,28
118,28
101,85
114,87
115,62
75,40
77,96
55,36
50,79
110,98
110,40
86,49
74,53
61,23
74,63
92,99
54,45
65,35
53,97
106,50
69,30
75,86
116,31
112,86
64,75
91,31
118,68
95,21
54,88
55,30
87,76
117,32
95,93
77,97
81,89
73,53
108,49
84,35
97,41
53,49
112,51
77,98
85,42
91,24
116,46
95,60
98,83
76,61
69,45
76,33
103,55
99,44
72,26
88,83
116,52
61,47
112,88
113,58
98,37
112,46
89,26
53,94
85,26
84,96
81,69
54,62
92,28
81,89
60,75
66,77
90,75
89,31
51,93
50,62
87,47
73,59
88,55
102,86
81,44
98,55
61,68
81,62
101,97
72,26
119,53
50,63
93,98
103,64
82,63
110,32
116,63
81,47
78,60
92,41
109,92
51,92
57,89
94,31
69,83
52,52
65,84
111,78
87,54
116,90
111,69
85,20
66,57
69,72
58,77
99,99
56,72
72,46
83,65
63,81
113,78
108,97
106,49
56,44
64,82
104,85
50,84
63,92
55,41
100,74
71,25
60,45
90,52
91,65
55,93
73,34
99,51
74,86
73,46
116,78
119,61
97,32
50,99
64,63
52,65
82,23
60,44
106,48
85,54
79,56
76,92
81,89
80,48
90,42
52,29
57,60
51,79
72,48
117,58
87,40
50,20
73,74
88,82
111,58
97,95
93,46
55,72
67,54
97,28
65,30
98,66
80,20
57,60
79,53
112,91
70,34
99,79
81,31
112,58
110,74
57,64
115,83
70,38
102,75
90,80
85,30
114,67
89,88
105,41
86,61
82,65
91,82
101,63
79,61
79,38
54,96
108,88
107,87
100,57
92,30
74,51
81,80
59,40
95,58
78,64
90,44
107,66
54,62
72,50
84,51
56,74
88,43
97,46
57,62
54,87
116,39
88,47
65,69
78,56
50,50
94,27
78,87
107,82
65,68
103,96
71,64
110,54
101,77
55,60
93,86
61,47
77,67
101,63
95,44
67,83
109,59
97,80
106,43
68,40
101,72
108,95
103,45
105,78
97,31
54,42
53,97
96,96
60,25
96,26
85,88
105,20
88,42
113,69
64,91
114,21
87,49
94,42
89,91
105,49
72,53
64,58
77,53
105,30
89,83
53,47
104,33
79,85
80,58
79,48
60,51
90,60
85,61
67,51
106,78
98,58
59,65
108,27
91,35
114,90
102,63
56,50
64,58
114,56
81,73
101,70
86,52
69,82
94,57
52,55
86,87
58,85
102,59
108,32
88,33
81,26
88,32
72,82
82,30
59,82
59,80
81,24
76,74
91,98
90,25
119,94
94,85
52,42
110,94
104,70
81,51
80,22
56,41
98,52
119,39
57,96
83,63
70,72
102,47
59,68
62,74
114,32
62,25
97,80
94,42
111,84
114,45
109,20
63,30
108,85
93,74
56,40
83,97
78,87
79,65
85,48
110,83
61,36
97,59
60,54
78,54
58,37
82,22
108,80
93,77
107,53
107,27
86,69
80,49
51,76
98,67
76,29
75,39
102,43
69,55
67,65
50,68
55,86
105,26
92,33
82,31
103,93
107,20
96,84
61,86
86,55
107,43
77,76
112,77
56,46
109,67
62,74
60,36
73,35
63,31
69,29
100,47
107,44
99,96
98,47
75,22
56,80
93,91
103,99
104,36
99,22
55,76
68,66
116,61
51,26
84,34
63,65
86,86
113,42
70,67
62,37
68,61
58,41
87,65
83,26
55,78
117,39
88,40
61,99
103,67
79,41
58,44
91,34
71,22
103,95
73,73
89,48
107,89
79,30
97,54
117,62
81,80
56,44
54,47
87,20
60,82
117,60
102,26
71,69
54,68
96,64
50,90
70,60
93,56
84,58
76,67
59,88
53,68
103,32
62,37
68,46
74,92
107,88
72,33
95,67
59,29
95,75
79,51
93,86
82,36
88,94
55,24
79,93
97,98
74,49
87,22
78,89
76,68
55,28
112,50
85,59
119,60
93,22
69,96
84,85
106,58
106,42
62,85
58,93
77,99
87,91
59,21
67,66
60,73
56,67
95,70
86,38
74,61
74,68
108,97
50,20
92,80
104,95
97,74
95,45
114,99
95,34
104,29
64,30
55,67
64,35
63,79
93,52
72,32
66,78
54,72
119,43
118,51
67,56
96,21
103,80
54,61
71,96
72,30
57,80
74,47
108,66
77,48
87,82
108,70
73,25
53,92
88,71
56,71
57,93
50,95
90,37
112,48
75,86
101,67
104,92
108,57
89,30
56,33
93,45
109,79
101,81
89,26
119,47
53,34
97,72
57,27
89,93
111,73
68,48
93,49
80,32
119,84
58,40
73,63
111,60
104,86
97,34
89,58
95,44
61,80
93,32
84,28
65,28
93,85
119,71
62,81
112,39
89,71
84,46
69,44
76,46
51,91
104,40
107,95
73,44
53,36
105,70
88,34
63,91
116,82
76,36
115,85
93,64
64,99
79,74
90,48
65,94
70,74
80,27
95,39
93,32
113,94
91,68
79,71
58,67
56,39
75,83
56,58
98,41
88,47
61,70
62,53
118,72
100,85
63,54
107,38
66,37
59,82
104,48
54,68
109,69
107,34
85,71
102,55
63,55
112,41
53,51
113,72
106,54
63,85
62,54
105,62
82,39
106,76
83,97
55,50
81,52
73,31
102,20
71,55
109,95
70,40
72,26
60,70
62,52
57,91
91,65
77,74
92,23
110,42
62,38
73,53
61,50
67,57
92,64
70,38
61,75
99,76
97,20
118,38
106,81
66,77
65,69
57,52
63,33
76,88
56,92
108,40
99,54
58,36
105,71
63,60
53,94
97,37
74,45
71,72
53,74
52,89
58,88
80,35
96,24
108,57
87,59
77,82
93,45
66,77
50,86
112,71
92,49
67,69
72,93
82,73
78,89
88,87
64,95
70,61
53,22
108,93
81,37
117,65
111,79
68,72
66,26
116,73
99,49
106,24
63,81
74,65
63,40
119,25
63,54
52,64
87,37
93,98
89,97
102,47
106,26
119,33
108,65
71,50
116,65
65,20
112,85
53,91
102,92
105,97
95,29
88,59
84,81
53,58
86,72
84,96
53,59
57,89
76,84
98,41
91,76
96,49
65,51
69,80
84,85
108,59
112,76
62,79
61,21
66,47
66,63
105,29
84,86
50,30
89,25
93,79
76,20
86,24
50,32
107,53
57,84
93,91
100,81
91,70
90,88
88,50
117,85
79,98
71,24
73,80
103,52
106,25
89,32
101,21
73,83
85,64
70,77
73,76
68,98
94,56
79,74
59,65
90,68
50,34
79,48
83,57
108,38
59,42
56,21
67,50
105,48
96,53
71,47
66,96
71,76
94,54
63,51
90,39
119,86
90,94
91,43
83,20
78,91
92,27
73,78
53,55
108,37
54,47
69,40
81,67
108,66
53,70
99,64
52,46
74,37
57,82
54,60
116,56
90,59
75,56
93,41
86,96
80,51
103,34
68,75
90,90
66,53
85,55
90,56
63,49
76,39
70,59
98,33
55,35
118,44
88,28
115,84
55,33
67,50
100,98
105,29
107,21
98,97
91,33
100,21
76,92
80,70
102,41
87,67
108,76
92,93
105,46
73,96
106,45
117,53
97,27
81,92
79,37
80,33
75,75
76,42
76,74
74,49
108,57
101,25
68,29
52,98
96,37
77,73
99,23
105,25
59,54
83,50
80,80
98,80
103,40
80,37
90,69
109,52
74,41
61,82
91,20
110,40
114,25
107,36
95,72
51,71
92,37
102,50
74,33
52,90
84,43
107,91
55,72
91,77
82,51
60,45
83,44
119,82
91,44
119,41
50,91
112,83
56,64
70,67
70,40
108,59
81,91
74,78
105,81
99,55
65,67
115,75
106,78
118,67
59,21
52,76
61,51
115,34
101,58
116,43
89,85
95,27
68,62
61,66
56,80
69,48
62,90
111,37
63,71
79,67
50,45
73,86
109,97
105,72
112,46
74,99
83,59
62,40
61,58
86,95
89,88
113,37
84,34
73,89
110,98
86,58
109,60
68,31
82,26
72,25
119,82
105,73
98,48
63,46
114,68
105,79
83,29
93,38
50,46
81,88
50,30
64,85
74,85
82,42
90,44
65,20
112,96
71,81
52,67
98,93
58,67
90,37
115,40
107,29
56,26
74,47
83,90
66,71
52,92
97,28
90,60
79,38
85,49
64,97
116,34
118,27
77,25
70,49
110,72
52,34
103,52
104,82
97,47
70,25
105,95
84,79
97,73
83,35
86,65
88,87
69,99
57,70
109,29
101,79
102,56
59,38
108,60
116,22
114,70
56,31
105,34
116,76
59,20
52,35
65,23
106,22
101,68
50,44
88,77
110,55
107,78
105,78
105,42
62,93
90,82
114,60
52,85
54,46
104,92
96,52
67,46
81,56
98,28
115,44
99,30
92,96
55,36
68,21
90,56
86,55
50,23
105,81
70,88
111,41
68,80
97,97
71,82
52,96
111,59
88,48
72,89
52,20
93,93
73,32
98,37
104,29
65,67
62,75
63,96
57,34
114,99
109,29
113,31
83,77
68,46
52,53
97,69
59,84
82,39
68,20
93,83
106,70
112,88
116,65
60,81
72,38
74,22
90,58
79,85
77,42
58,67
69,90
78,26
69,80
56,90
106,33
85,51
90,73
57,91
55,27
109,97
67,95
100,60
78,56
72,45
107,50
73,27
65,58
115,27
112,20
77,99
78,82
91,58
99,97
78,28
90,79
106,88
79,73
108,63
116,24
102,60
114,89
118,46
54,82
114,26
68,26
63,61
78,97
105,97
75,49
95,69
85,33
51,75
77,25
116,30
92,94
55,59
89,91
63,80
102,37
60,22
73,30
72,55
83,74
66,25
73,44
70,26
90,90
117,49
113,52
77,24
82,70
74,56
81,34
77,94
113,60
114,60
78,98
117,51
107,30
54,50
58,88
76,82
106,70
59,46
87,87
94,95
95,29
70,46
59,83
106,26
102,36
93,34
78,34
105,63
101,52
57,84
55,28
98,89
108,28
69,34
53,24
63,83
93,80
67,63
52,72
111,61
92,24
83,26
98,78
53,59
112,48
79,83
114,49
113,98
67,77
70,85
78,27
96,37
92,89
108,47
72,21
78,54
67,68
104,23
78,81
115,32
58,85
103,74
85,36
97,44
55,78
94,30
94,78
80,26
83,22
96,29
77,56
81,89
64,56
105,21
117,57
80,93
88,86
116,59
116,98
119,59
58,27
76,98
104,48
70,81
73,57
103,68
65,84
79,38
57,44
66,73
69,73
118,39
119,36
86,96
119,63
91,76
82,38
102,96
117,47
74,78
51,20
92,35
92,55
54,59
91,84
119,60
116,97
72,42
81,57
86,49
50,81
64,54
63,29
111,41
104,76
97,90
74,86
119,82
75,67
116,50
78,71
69,68
91,59
112,42
59,37
106,85
110,62
61,58
98,92
82,87
92,82
53,44
68,79
103,77
104,32
75,39
115,65
111,21
96,26
101,69
62,25
51,81
64,68
63,75
119,58
92,59
112,74
57,75
95,45
63,85
93,41
81,91
61,37
92,72
74,95
94,61
61,89
106,85
103,66
94,51
53,88
61,85
58,49
53,61
58,78
77,55
56,65
92,23
90,58
116,80
116,20
53,89
87,63
99,86
73,26
118,23
88,56
67,50
108,81
115,75
74,23
114,31
72,21
95,84
58,88
90,33
103,61
96,26
82,78
71,24
53,20
51,73
66,74
64,32
66,67
67,31
105,35
82,76
87,24
114,63
97,71
77,64
73,32
119,56
94,32
119,38
79,80
71,58
118,44
94,96
76,89
78,34
103,21
68,73
69,78
85,46
51,31
81,41
58,69
62,99
99,80
65,54
114,86
84,72
112,30
86,62
92,41
83,46
70,67
87,52
76,58
97,98
89,34
110,34
111,54
73,51
113,50
93,52
66,33
91,65
113,52
102,78
57,45
97,20
99,87
93,59
107,57
119,70
96,24
92,63
76,73
119,53
112,74
95,48
67,84
65,37
94,88
96,52
96,50
52,71
85,90
96,78
106,65
75,59
56,24
61,91
68,31
83,94
107,45
50,32
71,82
102,34
116,97
102,77
55,72
72,36
79,99
74,73
109,84
62,58
70,80
87,92
96,89
108,27
75,55
111,85
87,29
85,56
115,59
115,93
63,47
84,35
57,95
99,85
85,28
103,52
102,62
97,38
92,67
98,35
84,87
119,58
78,20
99,62
107,73
110,68
53,84
53,83
79,40
118,33
73,64
110,55
97,84
111,36
51,28
59,92
59,82
74,40
115,95
63,61
107,54
119,42
74,97
102,47
98,31
72,85
61,98
84,53
79,61
71,43
95,46
104,38
110,50
85,39
106,36
88,56
78,36
102,61
80,55
115,44
115,51
66,78
64,53
60,77
62,53
67,21
104,62
87,23
92,46
65,83
107,42
79,78
114,66
110,80
53,94
113,39
78,73
106,73
56,79
56,34
74,52
102,90
106,26
118,27
71,54
89,69
117,92
52,63
71,94
54,79
53,24
55,94
59,25
117,92
113,50
73,86
98,50
77,22
90,46
117,84
55,20
57,94
83,90
66,55
59,49
88,50
85,43
72,52
112,42
105,77
79,23
82,42
86,44
68,28
63,69
98,84
64,20
98,33
51,70
116,46
53,88
63,25
110,20
108,84
119,90
104,58
65,60
86,80
68,52
106,25
104,55
116,62
116,47
79,37
106,83
84,63
109,42
110,90
101,55
55,53
81,78
51,69
70,48
86,22
110,71
104,34
50,97
118,97
103,77
61,62
69,28
73,80
98,82
119,49
82,58
50,52
94,27
111,42
92,55
54,54
63,74
72,44
94,91
87,38
114,31
70,93
102,64
113,82
58,24
66,96
95,28
112,91
78,33
113,69
109,70
71,95
76,69
98,25
70,63
66,53
50,91
73,52
109,98
81,88
86,93
102,94
90,47
98,58
72,97
119,41
69,96
63,41
95,84
101,32
60,85
70,79
93,35
98,94
81,85
96,70
111,38
90,88
108,83
108,71
76,44
98,34
90,88
70,40
66,28
113,93
92,95
55,59
80,95
53,23
54,41
119,58
108,31
111,67
76,41
107,36
93,56
112,36
111,50
109,42
83,94
82,62
56,84
75,21
102,70
73,87
77,79
108,81
78,74
99,81
85,30
94,32
99,44
70,63
52,45
95,90
56,22
80,27
101,20
100,92
103,98
103,51
119,53
79,58
60,70
89,66
92,92
57,67
114,69
99,35
73,97
116,99
83,80
78,85
96,37
89,46
87,36
62,54
89,48
83,93
109,58
81,83
71,21
102,53
86,22
75,39
99,44
50,72
57,49
57,75
119,78
86,51
54,85
64,54
66,41
58,46
56,68
80,52
119,56
51,49
103,41
92,89
91,72
88,60
114,60
63,89
105,92
93,78
100,28
118,27
78,45
74,78
115,53
99,42
65,96
66,93
58,20
84,43
90,98
104,44
105,59
102,78
86,86
96,73
87,77
79,31
90,58
108,56
97,85
108,80
93,72
96,86
111,43
94,93
84,71
60,86
53,24
73,56
100,78
68,59
64,85
96,92
118,76
119,63
85,48
103,93
116,34
97,84
61,48
70,51
106,80
98,32
73,89
95,42
87,86
94,22
113,24
113,63
52,28
87,55
57,34
87,62
80,42
86,44
72,59
83,97
109,64
91,79
93,97
80,24
79,99
82,71
108,78
60,22
50,94
55,29
54,87
90,75
68,39
68,99
87,62
112,92
115,21
74,23
65,32
92,68
66,55
94,86
103,30
111,24
78,28
71,53
60,70
104,73
53,86
51,82
103,54
106,49
116,21
104,43
103,74
51,87
102,36
102,85
98,21
94,38
75,77
56,38
61,20
102,57
71,51
72,58
55,86
84,59
76,82
54,72
51,81
68,69
84,85
85,20
69,82
67,73
80,48
90,45
79,63
52,45
81,61
58,44
81,93
76,71
51,72
100,60
77,64
70,91
118,84
86,34
108,22
50,53
56,86
95,51
94,51
119,47
94,33
99,88
101,91
97,68
55,89
70,29
50,40
78,91
103,39
66,26
102,82
85,46
65,67
99,41
83,35
64,59
68,58
71,46
67,64
65,38
117,95
107,72
110,44
86,50
91,91
73,92
114,29
107,75
119,20
52,57
108,97
59,81
106,24
95,88
58,97
86,84
81,39
63,70
78,91
102,52
80,50
100,81
73,76
96,66
114,71
109,86
108,75
92,90
96,34
81,69
115,35
81,44
115,67
116,41
55,77
83,49
60,88
54,55
57,93
106,91
96,29
108,21
78,77
118,50
108,41
110,63
56,81
88,88
68,97
99,87
87,32
107,83
