garden,surface,bedrooms,bathrooms
58,55,2,1
48,90,1,1
34,95,2,1
27,93,2,1
40,80,1,1
58,69,2,1
38,73,2,1
42,74,1,1
30,85,2,1
30,70,2,1
43,79,2,1
55,73,1,1
59,93,2,1
43,91,1,1
22,79,2,1
41,71,1,1
21,77,2,1
43,56,1,1
49,84,1,1
57,77,1,1
21,63,1,1
40,59,1,1
52,65,1,1
31,65,2,1
41,80,2,1
44,91,1,1
46,74,1,1
47,62,1,1
35,55,1,1
34,93,2,1
22,58,1,1
56,94,2,1
26,85,2,1
40,92,1,1
28,69,1,1
58,67,2,1
37,92,2,1
23,70,1,1
44,53,1,1
33,99,1,1
28,82,2,1
45,76,2,1
21,56,1,1
39,55,2,1
47,64,2,1
26,67,1,1
27,81,1,1
54,60,2,1
33,69,2,1
36,73,1,1
55,64,1,1
59,97,1,1
23,56,1,1
21,70,1,1
25,91,2,1
23,75,2,1
48,93,2,1
37,63,2,1
45,86,1,1
53,70,1,1
29,67,1,1
55,54,2,1
33,52,2,1
50,72,2,1
34,75,1,1
27,86,2,1
33,73,1,1
42,98,1,1
59,68,1,1
40,74,1,1
35,70,1,1
37,61,1,1
43,90,2,1
45,82,1,1
44,99,1,1
48,53,2,1
34,91,1,1
20,56,2,1
44,71,2,1
26,82,2,1
28,66,1,1
43,73,1,1
20,83,2,1
27,77,1,1
43,92,1,1
30,90,2,1
36,88,2,1
27,71,1,1
54,98,2,1
54,66,2,1
52,83,2,1
24,55,1,1
58,95,1,1
47,55,1,1
26,83,2,1
28,50,1,1
27,59,2,1
31,70,1,1
53,54,1,1
52,51,2,1
42,71,1,1
43,97,2,1
56,51,1,1
54,59,1,1
59,83,2,1
41,65,2,1
46,97,2,1
54,88,1,1
20,71,1,1
54,61,1,1
56,73,2,1
33,96,2,1
22,89,2,1
20,87,1,1
24,59,1,1
45,84,2,1
33,98,1,1
58,81,2,1
46,56,1,1
28,70,1,1
34,69,2,1
34,75,1,1
45,53,1,1
32,95,2,1
51,71,2,1
58,64,1,1
51,89,2,1
23,70,1,1
49,64,2,1
56,71,1,1
42,77,1,1
58,63,2,1
34,76,1,1
48,90,1,1
55,89,2,1
32,77,2,1
51,75,1,1
26,98,2,1
41,51,2,1
47,74,1,1
21,52,1,1
25,57,2,1
47,93,2,1
47,82,2,1
39,91,1,1
49,84,1,1
30,55,1,1
47,88,1,1
44,72,1,1
58,74,1,1
52,99,1,1
20,92,2,1
46,68,2,1
32,54,1,1
22,60,1,1
58,61,1,1
25,59,2,1
27,57,1,1
46,73,2,1
28,77,2,1
56,90,2,1
52,85,2,1
43,86,2,1
34,70,1,1
51,57,1,1
51,58,2,1
43,96,1,1
31,64,2,1
58,97,2,1
21,95,1,1
22,89,1,1
56,67,1,1
36,91,1,1
21,69,1,1
21,55,2,1
47,61,1,1
42,51,1,1
56,56,1,1
51,65,2,1
52,52,1,1
20,94,2,1
38,52,1,1
21,76,1,1
45,99,2,1
51,92,1,1
25,89,1,1
51,87,2,1
23,82,1,1
30,77,2,1
36,50,2,1
57,57,2,1
43,86,2,1
24,81,2,1
53,97,1,1
25,92,1,1
41,86,1,1
30,53,2,1
35,79,2,1
52,55,2,1
28,95,2,1
25,68,1,1
35,81,1,1
48,58,2,1
22,61,2,1
39,60,1,1
55,95,2,1
38,65,2,1
45,50,2,1
22,94,1,1
38,70,1,1
39,79,2,1
51,62,1,1
26,83,2,1
52,53,2,1
59,77,1,1
58,87,2,1
37,80,2,1
59,76,1,1
20,54,2,1
30,74,2,1
47,52,2,1
44,82,1,1
42,53,2,1
50,74,1,1
49,69,2,1
54,83,2,1
26,75,2,1
35,54,2,1
45,84,1,1
21,77,1,1
20,78,2,1
31,58,2,1
24,87,2,1
56,99,2,1
51,55,2,1
28,68,2,1
54,93,2,1
38,60,2,1
35,51,1,1
22,96,1,1
39,93,1,1
43,93,2,1
52,58,2,1
43,70,2,1
30,73,1,1
27,83,2,1
55,71,1,1
57,52,2,1
59,61,1,1
39,77,1,1
54,79,1,1
44,75,2,1
54,97,1,1
44,70,2,1
48,77,2,1
37,75,2,1
37,82,2,1
21,70,2,1
54,84,1,1
35,83,2,1
55,90,2,1
52,96,2,1
23,67,2,1
52,60,2,1
33,72,1,1
40,97,1,1
39,71,2,1
27,66,1,1
26,54,1,1
22,93,2,1
36,60,1,1
52,79,2,1
31,64,1,1
41,76,1,1
41,84,1,1
49,82,2,1
57,69,1,1
57,65,1,1
27,83,2,1
46,51,2,1
46,84,1,1
53,89,2,1
40,77,1,1
49,96,1,1
52,88,2,1
47,55,2,1
52,58,2,1
24,69,1,1
38,50,2,1
23,57,1,1
54,72,2,1
36,52,1,1
47,53,2,1
49,74,1,1
48,96,2,1
25,87,1,1
54,64,2,1
56,70,2,1
43,84,1,1
48,95,2,1
50,63,1,1
54,85,1,1
52,61,2,1
40,66,1,1
51,88,2,1
42,58,2,1
52,84,1,1
22,62,2,1
37,64,1,1
44,67,1,1
50,82,2,1
22,55,2,1
59,76,1,1
43,72,1,1
51,76,2,1
41,83,2,1
42,95,2,1
21,87,2,1
46,63,1,1
21,85,2,1
45,57,1,1
36,84,1,1
59,68,2,1
52,79,1,1
28,63,2,1
58,69,1,1
48,98,2,1
45,74,1,1
54,89,1,1
44,73,2,1
43,63,2,1
32,75,1,1
26,87,1,1
55,72,2,1
39,71,1,1
20,97,2,1
27,68,1,1
35,95,2,1
33,52,1,1
31,91,2,1
42,68,2,1
34,58,1,1
47,77,2,1
53,69,1,1
21,94,2,1
51,56,2,1
42,63,2,1
41,58,1,1
44,68,2,1
41,96,1,1
41,63,2,1
25,87,1,1
34,85,1,1
56,89,1,1
52,66,2,1
27,79,1,1
24,58,2,1
58,82,1,1
23,74,1,1
25,63,1,1
51,60,1,1
49,84,2,1
54,90,1,1
59,63,1,1
35,79,2,1
32,90,1,1
49,53,1,1
38,53,1,1
36,77,1,1
38,57,2,1
47,51,2,1
45,90,1,1
56,95,2,1
45,71,2,1
42,90,1,1
28,65,2,1
31,78,1,1
20,98,2,1
20,97,2,1
53,79,2,1
51,61,1,1
44,84,2,1
59,60,1,1
20,95,1,1
35,99,2,1
58,70,1,1
24,70,2,1
41,54,1,1
48,97,1,1
22,69,2,1
31,86,2,1
45,52,2,1
35,93,2,1
56,82,1,1
41,58,1,1
48,58,1,1
33,53,2,1
47,84,1,1
24,66,2,1
49,83,1,1
24,73,2,1
31,81,1,1
35,50,1,1
45,57,2,1
45,94,1,1
40,72,2,1
58,96,1,1
55,89,1,1
52,61,2,1
49,61,2,1
56,95,1,1
42,96,1,1
29,64,1,1
24,90,1,1
55,68,1,1
53,75,1,1
50,78,2,1
29,71,2,1
38,89,2,1
51,70,1,1
20,87,1,1
24,69,1,1
23,78,2,1
35,53,2,1
43,56,1,1
35,77,1,1
21,77,2,1
47,53,2,1
51,71,2,1
46,61,1,1
39,94,1,1
43,52,1,1
31,71,2,1
54,93,2,1
52,51,1,1
52,73,1,1
56,83,2,1
31,76,1,1
22,90,2,1
20,50,2,1
52,57,1,1
59,72,2,1
29,87,1,1
48,55,2,1
32,71,2,1
31,74,1,1
50,67,2,1
21,66,1,1
54,61,1,1
42,55,2,1
36,75,1,1
45,76,1,1
27,57,1,1
48,68,1,1
45,91,1,1
29,50,1,1
45,78,2,1
53,94,1,1
26,98,2,1
23,84,2,1
30,89,1,1
48,63,2,1
55,84,2,1
44,97,1,1
40,94,1,1
55,69,1,1
29,98,2,1
56,62,2,1
28,87,1,1
43,98,1,1
54,95,2,1
54,98,2,1
55,57,2,1
37,92,2,1
58,69,1,1
51,82,2,1
43,75,2,1
42,88,2,1
51,70,2,1
56,98,1,1
31,91,1,1
32,92,2,1
42,90,2,1
44,58,1,1
54,73,1,1
49,86,2,1
36,98,2,1
39,90,1,1
44,66,1,1
41,73,1,1
32,70,1,1
38,88,1,1
55,90,1,1
31,88,2,1
38,62,1,1
31,60,1,1
28,95,1,1
26,68,1,1
47,60,2,1
33,62,2,1
50,95,1,1
38,94,2,1
35,50,2,1
24,89,2,1
54,93,2,1
31,68,2,1
44,61,2,1
40,57,1,1
55,57,1,1
42,94,1,1
35,61,1,1
58,97,1,1
58,82,2,1
33,94,1,1
50,75,1,1
24,88,2,1
54,77,2,1
42,54,1,1
48,57,2,1
30,74,2,1
37,76,2,1
31,95,2,1
28,72,1,1
29,79,2,1
36,94,1,1
57,96,1,1
26,72,2,1
32,98,2,1
59,96,2,1
28,69,1,1
46,67,2,1
21,67,2,1
24,51,2,1
48,53,2,1
56,79,2,1
57,82,1,1
38,85,2,1
27,67,2,1
20,86,2,1
41,68,1,1
36,96,2,1
26,77,1,1
44,89,1,1
23,69,2,1
55,98,2,1
25,82,2,1
50,61,1,1
38,64,1,1
58,90,1,1
46,88,1,1
29,51,1,1
45,78,1,1
38,90,2,1
58,59,2,1
22,51,1,1
32,60,2,1
47,62,2,1
39,59,1,1
47,63,1,1
27,67,2,1
58,58,1,1
20,88,1,1
22,77,2,1
32,52,1,1
47,69,2,1
44,55,2,1
52,76,2,1
57,51,2,1
25,78,2,1
51,87,1,1
40,52,1,1
35,65,1,1
40,79,1,1
30,89,2,1
56,51,2,1
55,66,1,1
54,90,2,1
38,61,1,1
39,84,1,1
37,92,1,1
33,50,2,1
34,94,2,1
50,64,2,1
20,75,2,1
22,86,1,1
35,70,2,1
42,98,2,1
30,80,2,1
31,74,1,1
29,72,1,1
51,73,2,1
35,87,2,1
27,77,2,1
57,70,2,1
31,92,1,1
43,67,2,1
47,85,2,1
27,84,2,1
47,94,1,1
55,58,1,1
45,87,2,1
27,79,2,1
47,93,2,1
47,83,2,1
56,81,2,1
55,52,1,1
46,52,1,1
36,77,1,1
28,93,2,1
52,64,1,1
39,90,1,1
32,72,1,1
47,89,2,1
48,60,2,1
32,97,1,1
54,81,2,1
25,85,1,1
37,82,1,1
24,73,1,1
44,88,1,1
21,83,2,1
29,77,2,1
49,86,2,1
24,56,2,1
52,53,1,1
20,86,2,1
37,50,1,1
51,50,2,1
30,96,2,1
40,69,2,1
45,68,1,1
44,78,1,1
41,59,1,1
46,67,1,1
32,77,2,1
52,84,1,1
53,92,1,1
54,96,2,1
20,80,2,1
40,76,1,1
25,60,2,1
47,98,1,1
36,98,2,1
24,87,1,1
50,54,1,1
24,57,1,1
57,83,1,1
22,97,1,1
42,61,2,1
56,87,1,1
56,50,1,1
29,80,1,1
29,53,1,1
38,98,1,1
36,94,2,1
40,99,2,1
33,54,1,1
28,79,2,1
20,73,1,1
32,52,2,1
23,60,2,1
20,94,1,1
59,53,2,1
51,75,2,1
53,76,1,1
47,95,1,1
50,92,2,1
27,76,2,1
58,91,2,1
45,99,1,1
53,55,2,1
22,64,2,1
31,79,2,1
20,91,1,1
24,86,1,1
49,86,1,1
49,91,1,1
36,86,2,1
42,84,1,1
34,72,2,1
56,55,2,1
40,53,2,1
33,67,2,1
21,58,1,1
30,98,1,1
58,78,1,1
57,62,1,1
53,96,1,1
57,66,2,1
53,94,1,1
37,81,1,1
49,97,1,1
34,71,1,1
46,53,2,1
53,54,2,1
57,86,2,1
52,90,2,1
43,98,2,1
34,62,1,1
49,83,2,1
36,94,2,1
24,71,2,1
48,72,1,1
23,52,1,1
29,91,2,1
36,83,1,1
29,81,1,1
36,94,2,1
39,98,1,1
43,70,1,1
24,95,1,1
53,93,2,1
25,70,2,1
21,93,2,1
32,60,1,1
30,88,2,1
42,53,1,1
35,50,1,1
50,77,1,1
30,73,2,1
35,84,2,1
27,62,2,1
23,96,2,1
59,83,1,1
23,60,2,1
44,85,1,1
22,66,2,1
51,84,2,1
22,67,2,1
46,89,1,1
48,71,1,1
51,73,1,1
38,68,1,1
40,86,1,1
24,88,2,1
37,70,1,1
47,57,1,1
41,77,1,1
40,54,1,1
25,66,2,1
20,86,1,1
24,85,2,1
31,68,2,1
45,76,2,1
53,83,1,1
33,60,2,1
45,94,1,1
46,96,1,1
28,61,1,1
45,70,1,1
41,60,1,1
49,88,2,1
36,77,2,1
45,54,1,1
55,66,2,1
20,69,1,1
27,90,2,1
54,95,2,1
34,61,2,1
41,55,2,1
33,66,2,1
45,68,1,1
47,75,1,1
42,97,2,1
33,93,1,1
43,93,2,1
21,81,1,1
45,55,2,1
33,85,2,1
26,87,2,1
22,60,1,1
42,82,1,1
37,73,2,1
57,72,2,1
54,64,1,1
34,76,1,1
44,60,1,1
56,99,1,1
47,66,1,1
29,63,2,1
58,76,1,1
36,67,2,1
58,77,2,1
41,96,1,1
45,96,1,1
44,53,2,1
36,56,1,1
32,94,2,1
39,84,1,1
44,97,1,1
23,58,1,1
29,57,2,1
22,94,1,1
37,66,2,1
55,66,1,1
41,98,2,1
53,82,1,1
27,81,2,1
59,57,2,1
38,68,2,1
56,87,2,1
25,52,2,1
45,54,2,1
53,62,1,1
25,96,2,1
56,95,2,1
52,80,2,1
41,65,1,1
40,99,1,1
25,81,1,1
25,71,2,1
23,78,1,1
49,71,1,1
30,92,2,1
49,52,2,1
50,59,1,1
43,91,2,1
28,70,2,1
22,65,2,1
50,61,2,1
59,51,1,1
56,90,2,1
55,73,1,1
43,84,1,1
50,79,1,1
25,79,1,1
21,96,2,1
39,84,2,1
47,68,2,1
30,99,1,1
23,57,1,1
34,75,1,1
25,98,2,1
49,89,1,1
57,56,2,1
21,79,2,1
34,56,2,1
30,52,2,1
27,50,1,1
45,85,2,1
24,74,1,1
25,86,2,1
45,50,1,1
23,64,1,1
38,86,2,1
39,62,2,1
52,89,2,1
39,57,1,1
31,54,2,1
20,58,2,1
45,50,1,1
33,85,2,1
57,84,1,1
56,51,2,1
30,89,1,1
55,72,1,1
32,58,2,1
22,83,1,1
52,95,2,1
25,63,2,1
29,53,1,1
24,79,2,1
42,80,1,1
29,87,1,1
21,60,1,1
32,84,1,1
59,57,1,1
21,52,1,1
39,63,1,1
20,62,1,1
56,94,2,1
28,81,2,1
36,83,1,1
28,94,2,1
30,68,2,1
34,87,2,1
43,65,2,1
57,51,2,1
54,89,2,1
49,66,1,1
50,83,2,1
24,91,2,1
33,65,2,1
30,87,2,1
28,51,1,1
53,51,1,1
31,75,1,1
54,62,1,1
54,96,2,1
20,80,1,1
59,83,1,1
41,88,1,1
48,52,1,1
27,57,2,1
30,72,1,1
56,63,2,1
33,76,1,1
49,78,2,1
54,88,2,1
40,88,1,1
56,50,1,1
24,66,1,1
38,90,1,1
33,79,2,1
45,62,2,1
23,70,1,1
44,68,1,1
44,68,2,1
37,74,1,1
59,71,2,1
27,80,1,1
58,66,2,1
59,72,2,1
33,81,2,1
51,59,2,1
57,59,2,1
52,85,1,1
42,57,2,1
34,69,1,1
52,81,2,1
44,99,2,1
36,63,1,1
52,99,1,1
21,77,1,1
33,95,1,1
59,73,2,1
59,64,1,1
58,71,2,1
25,79,1,1
25,53,1,1
22,62,2,1
26,72,2,1
27,57,1,1
34,67,2,1
48,61,2,1
52,80,2,1
49,63,2,1
58,83,2,1
46,67,2,1
55,83,2,1
48,60,2,1
57,90,1,1
52,61,2,1
56,98,1,1
46,64,2,1
52,80,2,1
23,98,2,1
41,78,2,1
21,75,1,1
29,67,1,1
24,81,2,1
29,71,1,1
52,87,2,1
57,66,2,1
32,72,1,1
50,73,1,1
55,99,2,1
43,57,2,1
34,90,1,1
48,55,2,1
27,54,1,1
24,93,2,1
48,78,2,1
23,77,1,1
31,60,1,1
21,50,1,1
46,92,2,1
50,68,2,1
55,58,2,1
55,76,2,1
45,83,1,1
46,93,2,1
24,53,2,1
39,85,2,1
30,67,1,1
29,64,2,1
59,62,2,1
57,68,1,1
25,98,2,1
27,55,2,1
42,97,1,1
45,61,2,1
31,86,2,1
45,66,2,1
32,72,1,1
59,75,2,1
37,78,2,1
44,82,1,1
52,76,1,1
59,74,2,1
31,59,2,1
55,96,2,1
23,72,2,1
24,70,1,1
56,70,2,1
27,92,1,1
47,62,1,1
50,86,2,1
28,82,2,1
48,73,1,1
33,93,1,1
59,60,2,1
41,66,1,1
30,53,2,1
42,96,2,1
20,74,1,1
56,79,1,1
40,58,2,1
45,70,1,1
55,69,2,1
42,68,2,1
20,68,2,1
59,61,1,1
34,86,2,1
40,91,2,1
28,66,2,1
28,86,2,1
29,97,2,1
45,88,2,1
54,77,2,1
44,90,2,1
45,84,2,1
30,96,2,1
57,97,2,1
21,67,1,1
26,63,2,1
37,84,2,1
46,93,2,1
53,90,1,1
46,56,2,1
36,90,1,1
43,62,2,1
44,67,2,1
26,86,1,1
25,62,2,1
43,85,1,1
52,80,1,1
48,51,2,1
41,65,2,1
45,58,2,1
47,58,2,1
40,87,1,1
26,60,1,1
36,71,2,1
39,82,1,1
39,85,1,1
41,94,2,1
47,72,1,1
59,94,1,1
26,94,2,1
20,83,1,1
51,58,2,1
32,73,1,1
49,57,2,1
42,56,1,1
38,85,1,1
51,67,2,1
49,52,2,1
48,77,2,1
48,55,2,1
49,93,1,1
35,93,1,1
59,70,1,1
38,77,2,1
37,89,1,1
20,50,1,1
33,85,2,1
21,70,2,1
47,92,1,1
49,84,2,1
57,62,1,1
23,98,1,1
20,59,2,1
27,93,1,1
48,96,2,1
58,59,2,1
22,95,1,1
51,62,1,1
29,86,1,1
29,87,2,1
38,73,1,1
53,51,2,1
52,71,2,1
42,66,1,1
47,85,2,1
51,63,1,1
26,59,1,1
48,84,1,1
27,74,1,1
20,52,1,1
22,96,1,1
43,87,1,1
42,66,2,1
27,61,1,1
56,73,2,1
22,78,2,1
52,92,2,1
47,74,1,1
27,85,2,1
53,75,2,1
54,87,1,1
51,50,1,1
43,69,2,1
33,77,1,1
51,65,1,1
35,96,1,1
23,66,1,1
56,89,2,1
40,77,1,1
33,61,1,1
50,76,1,1
37,91,2,1
26,96,2,1
29,79,1,1
26,90,1,1
52,83,2,1
42,86,1,1
40,55,1,1
38,56,2,1
38,81,1,1
55,81,1,1
48,74,2,1
37,82,2,1
21,56,1,1
20,61,2,1
24,65,1,1
39,65,1,1
30,92,1,1
21,85,2,1
22,62,2,1
42,56,1,1
31,85,1,1
39,96,2,1
24,58,2,1
56,81,2,1
57,60,1,1
49,57,2,1
28,82,2,1
53,72,1,1
54,74,1,1
41,57,1,1
43,94,2,1
36,71,1,1
29,53,1,1
49,89,1,1
42,52,1,1
51,78,2,1
36,90,1,1
36,78,2,1
33,83,2,1
28,83,2,1
59,77,1,1
21,62,2,1
44,64,1,1
58,72,1,1
28,93,1,1
41,75,2,1
23,53,1,1
45,75,1,1
48,89,1,1
53,58,2,1
42,54,2,1
56,81,2,1
30,69,1,1
25,99,2,1
37,60,1,1
40,64,1,1
55,81,2,1
57,77,1,1
53,71,2,1
36,90,1,1
56,66,2,1
44,75,1,1
57,93,1,1
31,56,1,1
42,91,1,1
41,75,1,1
40,74,2,1
46,59,1,1
50,94,2,1
25,68,2,1
46,60,2,1
59,62,1,1
53,57,1,1
31,89,1,1
26,53,2,1
29,96,1,1
36,80,1,1
45,77,2,1
40,60,2,1
47,92,2,1
21,50,2,1
20,98,2,1
55,96,2,1
45,87,1,1
48,73,2,1
40,96,1,1
30,80,1,1
59,90,1,1
30,95,2,1
55,99,1,1
58,75,2,1
59,98,2,1
54,99,1,1
53,54,2,1
43,69,1,1
41,90,1,1
24,60,2,1
52,82,1,1
55,99,1,1
39,87,1,1
38,76,2,1
54,83,1,1
36,64,2,1
53,81,2,1
28,70,1,1
45,95,1,1
21,54,2,1
28,55,2,1
28,87,1,1
59,71,1,1
36,67,2,1
20,63,2,1
44,59,2,1
59,95,2,1
44,62,2,1
58,80,1,1
54,79,2,1
22,52,2,1
56,79,1,1
49,55,1,1
57,78,2,1
53,57,2,1
31,93,1,1
38,94,2,1
56,92,2,1
36,93,1,1
29,82,2,1
31,66,1,1
35,97,1,1
43,60,1,1
38,62,1,1
27,99,2,1
50,60,1,1
40,80,2,1
36,77,2,1
42,93,2,1
56,55,2,1
35,90,2,1
25,65,1,1
27,53,1,1
44,84,1,1
37,97,1,1
44,75,2,1
31,61,1,1
34,60,2,1
45,86,2,1
45,74,1,1
51,67,1,1
29,68,1,1
35,72,1,1
26,87,2,1
36,67,2,1
42,75,1,1
45,55,2,1
40,53,2,1
41,93,2,1
26,78,1,1
33,83,2,1
34,66,1,1
26,92,1,1
28,92,2,1
27,65,2,1
42,51,1,1
48,83,2,1
37,57,2,1
50,62,1,1
49,91,1,1
58,57,1,1
54,79,1,1
37,81,2,1
58,85,2,1
36,96,1,1
33,79,1,1
50,50,1,1
43,92,2,1
54,88,1,1
53,66,2,1
22,69,1,1
56,73,1,1
59,99,1,1
45,71,2,1
42,78,2,1
58,71,2,1
34,93,1,1
23,58,2,1
48,86,2,1
41,59,1,1
44,85,1,1
32,86,2,1
37,77,2,1
52,77,2,1
35,91,2,1
21,92,1,1
54,70,1,1
53,73,1,1
49,91,2,1
32,89,2,1
32,51,1,1
37,57,1,1
51,97,2,1
51,76,2,1
54,71,1,1
58,86,1,1
48,76,1,1
48,78,2,1
35,52,2,1
29,93,2,1
49,62,2,1
44,94,2,1
58,59,2,1
39,85,1,1
24,58,1,1
20,76,2,1
49,83,1,1
22,50,2,1
33,81,1,1
49,74,2,1
23,78,1,1
37,56,1,1
56,98,2,1
44,52,2,1
20,69,1,1
34,69,1,1
28,79,2,1
34,84,1,1
43,84,2,1
23,98,2,1
31,88,1,1
56,76,2,1
56,75,1,1
25,63,1,1
58,66,2,1
43,67,1,1
30,94,2,1
32,78,2,1
53,69,2,1
44,76,1,1
26,67,2,1
23,53,1,1
27,50,2,1
39,99,2,1
48,50,2,1
29,75,1,1
53,94,1,1
45,69,2,1
22,72,2,1
25,59,1,1
24,60,1,1
24,90,1,1
42,90,2,1
28,54,1,1
54,50,2,1
39,66,1,1
54,71,2,1
37,83,2,1
36,94,2,1
43,90,1,1
22,78,1,1
51,53,1,1
54,54,2,1
57,60,2,1
32,70,1,1
44,84,2,1
28,61,2,1
23,75,2,1
33,68,1,1
56,94,2,1
53,56,1,1
30,96,1,1
22,56,1,1
47,75,1,1
48,89,1,1
28,54,2,1
22,70,1,1
44,63,1,1
53,53,1,1
31,72,2,1
28,91,2,1
34,69,2,1
59,64,2,1
44,99,1,1
24,94,1,1
30,78,2,1
53,57,2,1
43,90,2,1
34,97,2,1
57,68,1,1
27,97,2,1
24,88,2,1
45,95,2,1
37,77,2,1
25,95,2,1
56,76,2,1
32,53,2,1
47,64,1,1
24,84,1,1
32,86,1,1
36,50,1,1
59,52,1,1
51,96,1,1
48,73,2,1
22,76,2,1
59,89,1,1
53,85,2,1
59,83,1,1
46,78,2,1
32,73,2,1
52,73,2,1
25,91,2,1
43,53,2,1
38,52,2,1
35,83,1,1
59,98,1,1
47,72,2,1
52,72,1,1
32,94,2,1
44,54,1,1
55,80,2,1
46,90,1,1
57,55,2,1
26,86,1,1
24,59,2,1
50,89,1,1
42,56,2,1
29,88,2,1
51,87,2,1
49,70,1,1
58,69,1,1
50,52,1,1
37,71,2,1
55,96,1,1
21,53,2,1
33,77,1,1
32,61,1,1
48,87,1,1
31,85,1,1
58,96,2,1
21,90,1,1
51,54,1,1
32,62,2,1
46,72,2,1
36,99,1,1
59,79,1,1
50,86,2,1
53,74,2,1
43,97,2,1
54,76,1,1
25,63,1,1
38,97,1,1
49,96,2,1
26,85,2,1
29,88,2,1
51,65,1,1
53,71,2,1
47,70,1,1
34,70,2,1
49,57,1,1
56,98,1,1
48,65,2,1
41,80,1,1
23,91,2,1
39,59,1,1
51,81,2,1
55,83,2,1
23,58,1,1
46,66,2,1
36,60,1,1
31,81,2,1
41,59,2,1
36,71,2,1
29,66,2,1
20,53,1,1
41,97,2,1
45,96,2,1
37,74,1,1
33,70,1,1
48,86,1,1
31,87,1,1
55,98,1,1
54,50,1,1
31,74,2,1
26,85,1,1
48,66,2,1
30,90,1,1
52,73,2,1
25,51,2,1
34,89,2,1
51,64,1,1
30,81,1,1
42,88,1,1
45,55,1,1
53,50,2,1
53,96,1,1
48,72,2,1
23,88,2,1
36,66,1,1
54,83,1,1
32,90,1,1
58,78,2,1
34,58,1,1
48,62,2,1
48,55,1,1
30,55,2,1
51,69,1,1
21,52,1,1
33,66,2,1
39,98,1,1
41,61,1,1
30,97,1,1
46,96,1,1
22,94,1,1
36,50,1,1
47,66,1,1
48,52,2,1
40,75,2,1
35,64,1,1
56,85,1,1
39,81,1,1
25,81,2,1
38,53,2,1
24,67,1,1
22,98,2,1
20,68,1,1
57,92,1,1
34,84,1,1
53,89,1,1
54,63,2,1
44,82,2,1
43,63,1,1
31,83,2,1
37,53,2,1
34,73,1,1
35,78,2,1
46,68,1,1
27,55,1,1
44,82,1,1
36,98,1,1
48,89,2,1
27,68,1,1
34,50,2,1
46,54,1,1
26,76,1,1
22,65,2,1
48,55,1,1
43,89,2,1
22,62,2,1
39,97,1,1
34,84,1,1
44,68,1,1
49,61,1,1
33,65,1,1
26,92,1,1
36,59,2,1
39,74,2,1
55,69,1,1
28,80,2,1
57,53,2,1
41,93,1,1
21,72,1,1
43,51,2,1
27,71,1,1
30,86,2,1
32,57,1,1
36,56,2,1
27,63,2,1
40,52,2,1
37,99,2,1
49,65,1,1
37,68,1,1
50,67,2,1
57,65,2,1
51,57,1,1
30,82,1,1
44,98,2,1
52,61,2,1
57,60,2,1
27,54,2,1
30,76,2,1
41,61,1,1
43,66,2,1
36,55,1,1
31,82,1,1
51,54,1,1
34,77,2,1
35,63,1,1
41,54,1,1
47,82,1,1
39,99,1,1
52,97,2,1
29,90,2,1
59,68,1,1
51,71,1,1
52,54,2,1
21,51,2,1
52,79,2,1
52,96,1,1
32,88,2,1
49,53,1,1
52,82,1,1
32,62,2,1
45,69,1,1
41,56,2,1
58,64,1,1
21,72,2,1
57,63,1,1
58,72,1,1
45,68,2,1
34,78,2,1
53,69,2,1
59,78,2,1
30,73,1,1
22,67,2,1
25,59,2,1
28,90,1,1
25,57,2,1
28,75,2,1
58,78,1,1
50,59,2,1
51,66,2,1
31,51,2,1
27,55,2,1
27,54,2,1
47,77,2,1
39,90,1,1
26,54,2,1
30,67,1,1
39,75,1,1
35,69,1,1
23,90,1,1
25,98,2,1
41,76,2,1
45,98,2,1
22,61,1,1
33,56,2,1
30,52,2,1
37,59,2,1
31,83,1,1
42,74,1,1
31,84,2,1
32,65,1,1
44,51,1,1
38,73,2,1
55,59,1,1
27,87,1,1
48,71,2,1
51,75,1,1
37,92,1,1
25,88,1,1
37,76,1,1
38,78,1,1
41,96,1,1
56,87,1,1
51,69,1,1
22,76,2,1
47,90,2,1
29,69,2,1
54,93,2,1
48,68,1,1
34,69,2,1
52,84,2,1
26,96,1,1
31,51,1,1
49,79,1,1
40,83,1,1
50,71,1,1
43,52,2,1
39,55,1,1
56,64,2,1
23,76,2,1
47,59,1,1
39,58,2,1
43,82,2,1
51,81,1,1
55,97,2,1
53,55,2,1
55,90,2,1
21,85,1,1
34,51,1,1
53,78,1,1
55,53,2,1
25,50,1,1
58,68,2,1
31,75,1,1
22,74,2,1
37,59,1,1
59,64,1,1
40,71,2,1
34,97,1,1
52,70,2,1
54,71,1,1
45,85,1,1
27,83,2,1
55,79,2,1
49,74,2,1
42,94,1,1
33,77,2,1
33,50,1,1
21,98,2,1
56,94,2,1
24,53,2,1
57,56,2,1
33,98,2,1
58,58,2,1
44,85,1,1
39,68,2,1
21,50,1,1
58,59,2,1
25,85,2,1
36,58,2,1
44,94,1,1
47,95,1,1
21,91,2,1
54,81,1,1
56,81,2,1
24,55,2,1
20,97,1,1
59,87,1,1
31,66,1,1
55,59,1,1
42,99,2,1
50,76,1,1
30,99,1,1
29,84,2,1
22,70,1,1
33,74,1,1
35,77,1,1
29,96,1,1
48,64,2,1
29,53,2,1
31,78,1,1
49,58,1,1
20,76,2,1
24,75,1,1
39,68,1,1
27,77,1,1
31,66,1,1
20,92,1,1
39,90,1,1
47,91,1,1
56,99,1,1
56,69,1,1
31,94,2,1
56,89,2,1
47,88,2,1
34,98,1,1
25,72,1,1
39,96,2,1
33,81,1,1
21,96,2,1
28,82,1,1
56,95,2,1
39,54,2,1
45,92,2,1
48,97,1,1
20,83,2,1
54,89,1,1
25,60,1,1
56,99,1,1
24,52,1,1
52,82,1,1
33,60,1,1
31,65,1,1
39,67,2,1
43,79,2,1
53,97,2,1
44,59,1,1
48,67,1,1
58,87,1,1
50,68,1,1
42,85,2,1
57,62,1,1
39,95,2,1
42,52,1,1
35,59,2,1
27,87,1,1
40,50,2,1
20,76,1,1
27,95,2,1
48,57,1,1
51,95,2,1
57,91,2,1
24,66,1,1
41,58,2,1
53,55,1,1
20,92,1,1
45,74,1,1
29,88,2,1
49,98,2,1
37,77,1,1
36,82,1,1
45,86,2,1
27,58,2,1
59,67,2,1
31,70,1,1
46,51,1,1
27,92,1,1
44,87,1,1
23,89,1,1
52,85,2,1
20,99,1,1
38,92,2,1
50,86,2,1
35,64,1,1
33,77,2,1
24,67,1,1
45,83,2,1
47,71,1,1
21,60,1,1
25,62,2,1
28,53,1,1
52,71,2,1
44,56,1,1
32,92,1,1
28,73,1,1
32,53,2,1
50,77,2,1
30,64,1,1
23,50,2,1
53,52,1,1
57,63,2,1
23,87,2,1
57,99,1,1
38,50,1,1
25,87,1,1
53,87,1,1
37,70,1,1
32,97,2,1
42,78,2,1
38,54,1,1
30,98,1,1
20,59,1,1
43,77,2,1
26,70,1,1
44,99,1,1
40,56,2,1
34,52,2,1
20,94,2,1
31,96,2,1
26,69,1,1
34,68,2,1
40,84,2,1
38,53,1,1
48,54,1,1
44,50,1,1
52,53,2,1
51,61,1,1
54,76,2,1
57,91,2,1
45,72,2,1
30,74,1,1
54,70,2,1
27,73,1,1
33,74,1,1
29,94,1,1
21,95,2,1
28,81,2,1
22,81,2,1
40,54,1,1
45,85,2,1
27,95,2,1
21,91,2,1
25,98,2,1
47,91,2,1
48,88,1,1
45,65,1,1
44,82,1,1
31,98,1,1
24,70,2,1
53,58,1,1
56,55,2,1
34,94,1,1
55,84,1,1
34,88,1,1
42,71,2,1
25,90,2,1
40,54,1,1
42,91,2,1
35,72,1,1
34,66,1,1
44,61,1,1
55,72,2,1
30,65,1,1
34,52,1,1
23,79,1,1
40,71,2,1
32,58,1,1
41,78,2,1
38,96,1,1
53,86,2,1
33,72,1,1
23,62,1,1
46,81,2,1
48,95,2,1
47,96,1,1
54,97,2,1
27,72,1,1
35,94,1,1
55,66,1,1
49,89,2,1
37,70,1,1
21,51,2,1
32,86,1,1
23,55,2,1
45,93,2,1
44,67,1,1
49,79,2,1
30,71,1,1
26,82,1,1
50,79,1,1
29,66,1,1
58,92,1,1
32,81,2,1
50,91,1,1
26,63,2,1
55,59,2,1
39,96,1,1
23,85,2,1
26,83,1,1
20,58,2,1
32,91,2,1
41,77,2,1
40,60,1,1
41,63,2,1
47,88,1,1
28,96,2,1
45,68,2,1
28,64,2,1
34,77,2,1
29,73,1,1
43,57,1,1
27,92,2,1
43,58,2,1
35,96,1,1
45,82,1,1
46,82,1,1
56,68,1,1
23,52,2,1
43,59,2,1
38,89,1,1
55,96,1,1
58,91,1,1
29,50,1,1
44,78,1,1
37,99,1,1
38,83,2,1
55,62,2,1
29,50,2,1
52,83,1,1
24,78,1,1
54,97,1,1
53,96,2,1
52,62,1,1
40,97,1,1
36,98,2,1
41,78,1,1
56,88,2,1
34,73,2,1
54,75,1,1
47,66,2,1
26,56,1,1
51,62,2,1
30,54,1,1
29,75,2,1
28,98,1,1
33,52,2,1
32,56,2,1
44,98,2,1
21,88,1,1
54,50,1,1
26,98,2,1
40,66,1,1
37,92,2,1
22,74,1,1
58,52,2,1
30,64,1,1
58,78,2,1
43,92,2,1
38,81,2,1
23,75,2,1
45,65,1,1
57,74,2,1
51,77,1,1
58,58,1,1
55,50,2,1
59,78,1,1
56,71,1,1
52,65,1,1
55,90,2,1
22,93,1,1
28,90,1,1
27,56,2,1
52,63,2,1
25,78,1,1
58,68,2,1
23,68,1,1
32,51,1,1
21,90,1,1
24,94,2,1
46,64,1,1
51,52,2,1
40,60,2,1
27,95,1,1
57,79,2,1
27,89,2,1
22,67,2,1
22,97,2,1
41,51,2,1
25,81,1,1
21,57,2,1
42,71,1,1
21,55,1,1
57,61,1,1
36,96,1,1
54,89,1,1
53,85,1,1
42,64,2,1
49,77,2,1
27,98,2,1
41,94,1,1
55,67,2,1
24,51,2,1
32,62,2,1
48,94,1,1
50,64,2,1
35,69,1,1
49,78,2,1
35,91,1,1
31,78,1,1
36,52,1,1
35,68,2,1
31,52,2,1
27,63,1,1
39,89,2,1
22,53,1,1
35,60,1,1
49,80,2,1
42,92,2,1
47,81,2,1
59,76,1,1
24,79,1,1
39,92,2,1
59,51,1,1
20,98,2,1
49,58,1,1
40,77,2,1
39,80,2,1
25,83,1,1
41,64,2,1
37,97,2,1
27,74,1,1
58,85,2,1
51,57,1,1
52,58,2,1
35,86,1,1
31,97,2,1
57,94,2,1
53,88,2,1
33,81,2,1
55,66,1,1
52,84,1,1
42,86,1,1
21,68,1,1
40,93,1,1
21,78,1,1
46,56,1,1
28,77,2,1
20,58,2,1
30,77,2,1
22,55,2,1
42,78,1,1
45,66,1,1
23,65,1,1
37,72,2,1
25,80,1,1
54,52,2,1
41,70,1,1
34,75,1,1
41,85,1,1
56,91,1,1
31,86,2,1
57,71,2,1
37,91,1,1
54,61,2,1
49,91,1,1
43,62,1,1
49,60,1,1
33,65,1,1
25,57,2,1
22,89,1,1
35,89,1,1
26,94,2,1
33,51,1,1
28,79,2,1
34,79,1,1
40,61,1,1
54,59,1,1
21,93,1,1
46,60,1,1
21,64,1,1
54,65,2,1
37,66,1,1
33,75,2,1
39,51,2,1
37,99,1,1
29,61,2,1
44,75,1,1
21,72,2,1
44,67,1,1
52,81,2,1
55,98,2,1
50,87,1,1
33,96,2,1
20,52,1,1
35,87,1,1
22,52,1,1
54,79,1,1
25,50,1,1
44,79,2,1
32,94,2,1
53,81,2,1
27,77,1,1
40,70,2,1
53,95,2,1
23,62,2,1
44,76,2,1
34,85,2,1
23,56,1,1
31,71,1,1
51,59,2,1
51,88,1,1
47,64,1,1
32,64,2,1
50,53,2,1
33,81,1,1
39,72,2,1
37,55,1,1
48,73,1,1
25,69,2,1
51,86,1,1
48,69,1,1
21,61,1,1
42,82,2,1
38,77,2,1
50,57,2,1
24,50,2,1
38,86,1,1
53,71,2,1
29,55,2,1
44,70,2,1
21,81,2,1
30,84,1,1
50,64,1,1
34,54,1,1
28,95,2,1
42,99,2,1
38,97,1,1
28,55,2,1
54,74,2,1
40,95,1,1
28,89,1,1
47,78,2,1
26,56,2,1
35,89,2,1
35,62,1,1
52,87,1,1
23,67,1,1
23,51,1,1
58,57,2,1
59,60,1,1
36,82,1,1
56,87,2,1
58,97,2,1
48,76,2,1
55,69,1,1
57,61,2,1
58,92,2,1
56,80,1,1
54,76,1,1
26,81,2,1
46,59,1,1
47,52,2,1
41,94,2,1
33,76,1,1
26,84,2,1
56,80,1,1
41,64,1,1
24,65,1,1
21,62,2,1
46,98,1,1
40,84,1,1
57,60,2,1
34,70,2,1
40,60,2,1
29,79,2,1
42,97,1,1
58,84,1,1
24,71,1,1
20,87,2,1
32,80,2,1
40,63,1,1
45,73,2,1
40,99,2,1
37,98,1,1
56,81,1,1
51,85,2,1
55,81,2,1
36,64,2,1
54,92,1,1
30,84,1,1
40,52,1,1
45,65,1,1
23,54,1,1
53,70,2,1
37,59,2,1
59,68,2,1
54,74,1,1
48,53,1,1
48,78,1,1
57,68,2,1
40,92,1,1
32,51,1,1
36,59,2,1
28,92,1,1
20,74,2,1
21,69,1,1
48,97,1,1
52,68,2,1
29,72,2,1
59,73,2,1
40,60,2,1
47,95,2,1
30,83,2,1
53,77,1,1
27,54,1,1
41,54,2,1
27,70,1,1
34,61,2,1
36,99,1,1
42,53,2,1
43,98,1,1
38,91,1,1
24,69,1,1
51,87,1,1
20,74,1,1
42,63,2,1
56,60,2,1
27,81,2,1
32,60,1,1
27,67,2,1
42,76,1,1
20,67,1,1
43,72,1,1
54,60,2,1
43,70,1,1
36,93,2,1
24,54,2,1
39,72,1,1
40,90,1,1
59,74,2,1
50,90,2,1
55,59,2,1
30,71,2,1
34,68,2,1
38,50,2,1
26,56,1,1
47,53,2,1
24,50,2,1
24,64,2,1
49,89,2,1
51,61,1,1
27,71,1,1
29,71,2,1
57,99,2,1
51,96,2,1
47,66,1,1
36,78,1,1
50,95,1,1
27,63,1,1
59,99,1,1
44,69,1,1
28,99,2,1
21,97,1,1
34,82,1,1
22,92,2,1
55,64,1,1
23,61,2,1
33,89,1,1
44,69,2,1
29,79,2,1
40,87,2,1
55,52,2,1
31,77,2,1
46,75,1,1
59,79,1,1
21,62,2,1
32,62,2,1
51,51,2,1
50,86,1,1
35,98,2,1
51,87,2,1
51,51,2,1
53,85,2,1
30,75,1,1
29,60,2,1
34,57,2,1
36,93,1,1
59,89,2,1
37,92,2,1
28,71,1,1
44,69,1,1
59,57,1,1
33,78,2,1
44,89,2,1
41,75,1,1
49,79,1,1
39,66,1,1
40,69,2,1
51,65,2,1
40,95,1,1
54,92,2,1
51,56,1,1
49,65,2,1
58,94,2,1
31,96,2,1
37,97,2,1
40,76,1,1
32,72,2,1
40,73,2,1
27,58,1,1
59,84,2,1
26,69,1,1
42,86,1,1
51,91,2,1
30,66,2,1
41,96,1,1
41,80,1,1
44,57,1,1
41,64,2,1
47,80,1,1
48,79,1,1
32,95,1,1
37,69,2,1
21,88,1,1
48,61,2,1
40,98,2,1
34,66,1,1
46,91,2,1
50,79,1,1
34,78,2,1
42,68,2,1
43,95,1,1
32,60,1,1
41,83,1,1
56,99,2,1
52,56,2,1
22,93,1,1
38,83,1,1
42,69,2,1
48,99,2,1
49,87,2,1
58,73,1,1
44,59,2,1
56,81,1,1
27,64,2,1
35,86,2,1
27,69,1,1
20,52,1,1
24,86,1,1
22,89,2,1
20,57,2,1
23,89,2,1
59,93,1,1
54,72,2,1
51,89,1,1
53,60,1,1
44,95,1,1
29,57,2,1
40,78,2,1
58,79,1,1
46,59,2,1
46,88,1,1
21,77,1,1
32,98,2,1
28,85,1,1
55,62,1,1
41,81,2,1
45,85,1,1
31,86,1,1
36,75,1,1
33,71,1,1
33,53,1,1
53,80,1,1
39,67,1,1
30,87,2,1
35,73,2,1
50,72,1,1
25,71,1,1
38,51,2,1
56,80,2,1
23,60,2,1
23,77,2,1
39,95,2,1
29,81,1,1
43,54,2,1
54,87,2,1
45,59,2,1
56,89,1,1
57,95,1,1
40,73,1,1
59,84,1,1
58,93,1,1
40,97,1,1
29,72,2,1
57,66,1,1
23,50,1,1
39,80,2,1
36,80,1,1
26,91,2,1
23,91,2,1
48,83,1,1
33,58,2,1
22,71,2,1
43,62,2,1
56,74,2,1
35,97,1,1
23,67,2,1
43,61,1,1
53,89,2,1
49,66,2,1
37,64,2,1
38,91,1,1
50,64,1,1
38,64,1,1
38,88,2,1
41,62,2,1
43,66,2,1
31,81,2,1
49,58,1,1
57,89,2,1
50,69,1,1
55,75,2,1
38,76,1,1
55,70,1,1
49,67,2,1
52,62,2,1
37,65,1,1
47,58,2,1
30,61,2,1
52,93,1,1
36,87,1,1
25,68,1,1
23,56,1,1
39,84,2,1
46,97,1,1
34,67,1,1
25,65,1,1
33,88,2,1
30,53,1,1
58,74,2,1
28,81,1,1
45,89,1,1
35,62,2,1
24,94,1,1
29,66,1,1
22,98,2,1
32,86,1,1
49,55,1,1
25,68,1,1
36,62,1,1
38,75,2,1
54,63,1,1
45,80,2,1
24,53,1,1
48,88,2,1
56,57,1,1
39,74,2,1
40,62,1,1
29,81,2,1
24,87,2,1
55,87,1,1
25,77,2,1
45,79,1,1
23,52,1,1
58,77,1,1
58,52,1,1
54,94,1,1
20,83,2,1
43,65,1,1
55,71,1,1
120,348,5,4
102,399,5,2
150,287,5,3
82,166,3,2
137,322,3,3
111,333,5,4
110,365,3,2
161,143,4,2
122,393,5,2
86,163,3,4
184,275,3,2
80,318,5,4
140,281,3,3
93,353,5,4
131,282,3,3
175,235,4,4
85,212,5,4
182,161,4,2
89,329,5,4
150,325,3,2
169,339,4,3
177,399,3,3
109,255,5,2
179,225,5,3
100,237,5,4
139,356,5,2
160,219,5,2
176,380,4,2
153,222,5,3
194,182,3,3
142,294,4,4
190,345,3,4
121,126,5,2
130,246,3,4
143,211,4,3
155,309,4,4
135,172,4,3
159,361,3,4
120,251,4,3
111,231,3,3
94,126,5,4
141,349,5,4
106,275,3,3
107,316,4,2
160,342,3,4
143,369,3,3
189,202,3,4
138,359,5,4
193,382,3,4
137,308,5,4
81,177,3,4
115,128,5,2
193,234,3,2
150,329,3,2
92,160,4,3
94,292,4,2
168,353,3,2
166,197,3,3
139,227,3,2
101,158,3,4
142,238,4,2
169,146,5,2
176,223,3,2
154,193,4,4
153,310,3,4
104,266,3,4
180,374,5,4
127,332,3,3
122,242,3,4
196,325,5,4
117,359,5,4
120,141,5,4
124,378,5,3
167,224,4,2
119,377,4,2
189,323,4,4
199,381,3,4
176,226,5,4
96,370,5,2
167,340,4,2
180,341,3,4
136,377,3,2
81,320,3,3
175,377,4,4
141,344,3,4
167,321,3,3
88,345,3,3
147,355,5,2
160,302,4,3
96,319,5,4
196,365,5,2
129,230,4,3
191,125,5,2
173,355,3,2
119,246,3,2
137,223,3,2
154,356,3,3
164,274,4,4
100,376,5,4
97,354,5,3
134,159,3,4
108,316,3,2
103,392,5,2
153,383,4,2
188,176,5,3
96,217,3,2
97,256,3,2
121,206,4,3
191,361,5,2
163,318,4,2
180,203,4,4
124,361,3,3
161,371,5,2
96,309,3,2
152,271,5,2
93,397,3,2
128,258,3,4
108,295,5,4
174,127,5,4
83,354,3,4
161,282,5,3
99,168,3,2
199,157,5,4
199,255,3,2
126,338,3,3
186,153,3,2
187,198,4,2
88,355,5,4
156,392,3,4
158,280,4,3
106,294,3,2
94,340,4,4
171,128,3,4
180,232,3,4
198,324,4,3
98,305,4,2
169,316,5,4
131,385,5,2
105,381,4,3
168,367,5,2
105,234,4,4
105,240,5,2
125,260,3,2
171,184,5,3
128,395,3,3
161,358,3,2
175,129,5,2
132,352,4,2
82,314,3,3
145,131,3,3
176,296,5,2
121,296,4,3
98,336,4,4
96,130,5,3
187,237,4,3
112,283,5,3
155,158,5,4
128,172,5,4
135,337,3,4
142,325,3,2
82,175,3,2
186,237,5,4
128,372,3,2
134,387,3,2
105,299,3,2
178,354,5,4
151,315,5,3
131,199,5,4
179,254,3,4
196,141,4,2
197,344,3,2
86,177,3,3
125,212,5,3
125,311,5,3
179,222,3,3
95,126,3,4
103,247,4,3
140,174,4,4
133,350,5,2
141,181,4,3
80,359,4,2
128,209,5,2
104,351,4,4
89,352,3,3
197,271,4,4
159,264,5,2
95,249,3,3
137,260,4,2
151,212,3,2
108,233,3,3
182,262,4,3
171,342,4,3
85,351,5,4
95,152,5,4
99,395,3,2
159,289,5,3
150,259,3,2
184,320,3,2
157,142,5,2
122,343,5,2
105,389,5,2
169,272,4,3
157,204,3,4
150,228,3,3
112,150,3,3
105,348,5,3
124,359,5,4
163,260,5,4
142,275,5,4
146,218,5,3
131,166,4,4
147,186,5,2
105,181,3,4
154,228,5,3
81,286,3,3
93,156,5,2
187,238,5,4
109,205,3,4
128,171,3,2
91,210,3,3
169,323,3,3
123,357,4,4
112,274,3,4
92,359,5,4
157,255,5,4
167,183,4,4
177,242,3,3
187,373,5,3
105,233,4,3
100,139,5,3
107,135,4,2
127,264,4,3
179,327,3,2
119,138,4,3
145,285,5,4
185,157,5,4
152,300,3,4
166,224,3,2
158,219,4,3
156,209,3,3
102,198,5,2
160,192,5,2
127,295,3,2
81,215,3,2
163,222,3,2
99,343,4,4
138,125,4,3
125,241,5,2
82,355,4,4
134,235,4,2
91,282,4,4
119,345,4,2
145,349,5,3
179,301,3,2
157,368,5,2
95,329,4,3
162,263,3,3
113,215,3,2
123,363,3,3
189,205,5,3
85,303,3,4
156,240,5,3
143,211,5,3
179,189,4,2
101,252,4,2
97,398,3,4
91,256,3,2
131,306,4,3
197,340,5,3
173,165,5,3
196,397,4,2
130,311,5,3
183,127,4,3
150,395,4,4
175,298,3,4
127,158,3,4
98,297,4,2
85,281,3,3
163,223,4,3
106,280,5,3
132,242,5,4
186,173,5,3
180,153,5,3
127,361,4,3
86,232,5,3
138,142,5,3
148,165,5,2
90,254,5,3
94,237,4,2
143,308,5,3
82,250,3,2
148,331,3,3
102,232,3,3
132,163,3,3
116,247,3,3
88,277,3,4
94,392,4,3
82,164,3,2
172,227,5,4
149,338,3,4
96,296,4,3
105,347,3,2
100,310,5,2
151,279,5,4
100,386,4,2
90,309,4,3
117,294,4,3
151,264,4,3
185,351,3,3
167,323,3,3
114,332,5,4
198,159,4,3
93,394,4,3
198,201,3,4
93,300,4,4
89,202,5,4
91,381,5,2
117,391,4,2
187,319,5,3
198,359,5,3
189,299,3,3
113,290,5,2
120,296,4,3
89,356,4,3
96,257,5,2
96,248,4,4
146,168,3,2
141,283,5,3
174,396,5,2
194,235,5,4
80,143,4,4
91,144,4,4
182,246,5,4
83,353,4,4
121,328,4,4
92,212,5,3
177,213,5,3
185,344,4,2
164,399,5,3
165,130,5,4
83,131,5,3
161,154,5,2
148,347,4,4
98,339,5,3
81,260,3,3
91,142,5,2
160,202,3,4
153,348,5,2
177,199,3,4
85,278,3,4
87,247,5,3
130,309,5,2
90,150,5,2
142,134,3,2
136,194,4,4
91,153,4,2
152,315,5,4
81,148,4,2
87,313,4,2
90,135,5,3
132,196,3,2
179,200,5,3
89,243,4,3
164,138,3,4
163,221,4,2
191,196,3,2
87,348,4,2
115,322,5,3
172,180,4,2
185,145,4,4
155,190,3,4
93,222,4,2
191,276,5,3
133,313,5,4
193,394,5,4
164,305,3,3
165,232,3,4
100,284,4,3
187,180,4,4
129,211,4,3
173,272,3,4
118,344,3,2
99,246,4,4
167,312,3,4
166,234,3,2
86,381,5,2
88,137,5,2
80,129,4,2
105,211,4,3
117,258,5,3
117,171,3,4
197,314,4,4
140,325,4,4
123,212,4,3
165,264,3,4
123,205,5,4
153,272,4,3
198,121,5,4
141,379,5,3
85,283,3,3
96,125,3,2
130,268,3,2
193,324,3,3
117,237,3,3
103,208,3,2
130,273,4,4
89,286,5,4
199,280,3,4
151,389,4,3
100,175,5,2
199,347,3,4
149,268,3,2
164,165,4,2
136,263,5,3
118,357,3,4
167,391,5,2
112,239,4,3
138,339,3,3
97,127,5,3
135,394,4,4
171,185,4,4
136,198,3,3
195,205,5,4
175,243,3,4
155,321,3,2
127,269,5,3
121,165,5,3
106,232,5,4
153,210,4,3
189,260,4,3
131,337,5,3
121,196,4,4
111,271,3,4
185,358,5,4
105,234,3,2
104,213,5,3
154,167,3,2
102,310,5,4
177,131,3,2
136,275,5,3
131,291,5,3
183,296,4,4
166,176,3,4
172,322,4,2
110,304,3,4
143,240,4,2
150,345,5,3
183,321,4,3
112,335,4,3
164,162,5,3
81,142,4,3
97,274,5,2
126,305,3,3
112,368,4,2
180,356,5,3
177,253,5,2
163,141,4,2
114,207,3,2
130,272,4,4
193,244,5,2
197,198,3,2
97,170,4,3
189,335,5,2
167,295,4,2
151,372,3,4
109,365,3,3
123,346,3,4
132,225,3,4
89,312,3,4
166,155,4,2
131,323,3,4
128,386,3,4
90,387,5,3
145,289,3,3
137,158,5,3
169,258,5,3
115,171,5,4
112,260,4,3
126,265,4,2
92,303,5,4
119,271,4,3
168,320,3,4
147,247,4,3
121,372,3,4
98,385,3,3
161,307,4,2
180,349,4,3
173,390,5,4
98,378,4,4
137,317,4,2
102,175,4,4
133,322,3,2
159,390,3,4
144,228,3,4
91,235,5,2
103,211,5,4
113,257,5,4
132,176,3,2
87,169,4,3
97,190,5,2
136,201,5,4
191,224,3,3
84,207,5,3
105,121,4,3
109,203,3,2
133,162,3,3
92,273,4,3
162,213,4,3
108,252,4,4
82,184,5,2
169,376,4,2
183,332,3,4
137,267,4,3
155,180,3,4
81,268,3,4
154,207,5,3
187,397,4,3
107,201,5,2
161,248,4,3
156,399,4,4
180,389,4,4
165,322,4,3
155,143,4,2
81,327,3,4
180,399,3,3
86,324,4,2
105,271,3,2
169,145,5,4
167,313,5,4
155,357,5,2
95,194,4,2
102,282,4,2
119,148,3,3
139,284,3,4
152,305,3,2
111,173,5,4
94,161,5,4
180,257,5,4
92,306,5,2
84,323,3,3
154,161,4,2
153,145,4,4
131,175,5,2
156,372,4,2
120,241,4,4
132,225,4,4
189,249,5,2
129,277,3,2
94,350,3,2
185,210,4,2
199,141,3,3
86,229,3,2
119,168,5,3
107,248,5,4
111,192,4,3
178,172,4,4
94,287,4,3
191,164,5,4
179,224,3,2
164,269,5,3
149,265,5,3
144,323,3,4
83,286,3,4
90,320,4,3
187,253,3,4
105,330,3,2
140,167,3,3
116,245,3,2
102,358,4,3
172,126,4,2
164,391,3,3
191,156,3,4
188,330,4,3
188,284,4,2
192,244,3,3
170,311,5,2
182,337,4,2
119,333,4,2
156,181,4,4
102,280,3,3
95,185,3,2
173,358,4,4
140,139,3,2
147,307,3,3
183,201,4,4
159,321,3,2
110,251,5,2
132,156,3,2
185,251,3,3
104,196,4,4
123,208,4,4
91,372,5,4
169,313,3,2
180,295,5,4
191,152,5,2
176,177,4,3
171,320,3,4
88,147,4,2
91,154,5,4
148,244,5,4
133,161,4,3
195,204,4,4
133,307,4,3
107,230,4,4
135,390,4,4
178,224,5,4
148,160,4,4
177,334,3,4
189,190,5,4
177,175,5,3
156,355,3,3
182,224,3,2
185,281,5,4
188,310,4,3
191,128,5,4
137,179,5,4
157,344,3,3
154,307,5,4
121,189,4,3
117,288,3,3
147,181,5,2
132,133,5,2
112,283,4,2
150,364,5,2
135,127,5,4
184,273,5,4
151,155,5,2
180,167,4,3
130,204,5,3
153,147,5,3
122,315,5,3
94,327,3,4
117,323,4,3
94,223,3,3
84,349,3,2
172,220,4,3
162,148,3,4
133,246,3,3
130,129,3,3
89,225,4,4
91,286,5,2
197,376,4,4
83,396,4,2
174,184,4,3
97,390,3,2
159,307,5,2
183,257,4,2
115,224,4,3
104,153,5,2
166,229,5,2
155,152,5,3
177,350,3,4
115,385,5,4
180,301,3,4
146,184,4,3
88,120,3,3
140,252,5,4
132,199,3,2
97,390,5,4
122,360,3,3
114,147,4,2
142,342,3,2
198,142,4,3
177,228,5,2
184,226,4,4
157,264,5,3
83,258,5,3
172,218,4,3
120,242,4,3
124,200,3,2
129,129,3,3
158,127,4,3
107,324,4,2
121,316,4,3
159,317,4,2
155,149,5,2
195,139,4,3
148,167,4,4
177,249,4,3
185,251,4,4
80,173,5,2
118,384,3,4
175,334,3,3
169,162,3,3
96,193,3,4
191,397,3,3
170,361,5,4
167,249,3,2
114,313,5,4
125,151,5,4
121,225,3,4
197,323,3,4
118,120,3,2
169,364,4,2
128,191,5,2
141,134,3,4
117,172,4,2
102,127,5,3
101,165,4,2
83,233,4,4
128,266,3,3
138,285,5,4
152,258,4,3
147,236,5,4
150,395,3,4
166,396,5,3
81,297,4,2
128,273,4,3
167,320,5,3
183,234,4,3
198,278,4,3
174,161,4,3
190,366,3,4
110,187,3,4
190,315,4,2
119,209,5,2
127,230,3,3
130,264,5,2
122,394,4,2
177,298,4,3
134,360,5,4
167,272,3,4
128,223,5,2
169,194,5,4
159,247,4,4
136,318,3,2
190,273,5,3
156,175,3,2
94,397,4,2
106,138,3,2
147,278,4,3
159,145,3,3
143,288,5,3
173,142,4,3
187,166,5,2
109,132,4,4
115,336,3,2
146,313,3,3
165,263,4,4
192,192,4,2
165,275,4,4
193,196,3,3
193,288,4,4
198,204,4,4
128,301,5,3
155,231,4,4
134,349,5,2
164,215,5,4
135,287,5,2
147,275,3,4
174,224,5,4
123,312,4,3
110,251,3,3
137,257,3,2
166,389,3,3
197,157,3,3
132,164,3,3
163,282,3,3
158,372,3,3
102,288,5,2
107,393,4,2
95,139,4,3
116,358,5,3
100,389,5,2
158,150,3,4
96,223,3,2
193,289,5,4
116,305,3,3
156,247,4,3
98,329,4,2
109,372,3,3
124,138,3,4
97,319,3,4
157,339,4,2
141,255,3,4
115,342,5,2
179,122,3,2
163,355,5,4
131,347,3,4
98,261,3,4
188,128,4,4
123,309,5,4
86,284,5,4
123,258,5,4
196,395,4,3
147,172,5,2
113,294,4,2
145,229,3,4
148,322,3,2
134,255,5,4
89,123,3,3
175,274,3,2
121,291,5,2
120,166,3,3
156,213,5,3
182,167,5,3
148,359,3,2
89,332,3,2
89,258,3,3
181,324,3,3
170,192,3,3
139,123,4,3
130,195,3,3
100,196,4,4
87,375,5,3
144,221,3,4
171,225,3,2
192,158,3,2
182,394,5,4
157,207,4,3
164,330,4,2
109,196,3,3
164,196,3,3
128,147,3,4
88,364,3,2
96,185,5,2
148,385,3,4
137,324,5,3
136,177,3,3
141,320,4,2
174,344,4,4
131,261,3,4
140,203,3,3
119,262,5,3
117,152,3,4
122,271,3,2
142,277,3,3
98,260,4,4
179,370,5,4
129,231,4,4
112,263,5,2
92,328,4,3
157,343,3,3
199,162,4,3
176,383,4,2
141,363,5,3
172,122,5,3
122,244,4,3
128,387,5,3
115,203,5,2
187,135,5,4
89,178,5,4
174,296,5,3
85,182,4,3
136,168,5,3
80,365,3,2
150,134,4,3
137,374,4,2
170,211,4,3
100,398,5,3
171,325,3,4
159,213,5,3
135,344,4,2
189,318,4,4
166,390,4,2
195,353,4,4
99,165,5,2
181,183,3,4
133,349,3,2
104,368,4,2
107,365,3,3
84,194,4,4
199,276,4,4
100,342,3,3
97,309,4,2
126,171,3,2
149,207,4,4
136,185,3,2
172,269,4,4
98,139,3,4
176,152,4,2
144,165,4,2
188,192,4,2
82,252,3,3
121,174,5,4
100,180,4,2
178,127,4,3
184,391,3,2
119,365,4,4
146,295,4,3
104,235,4,4
188,390,4,2
181,312,5,2
188,269,5,2
134,250,4,3
163,221,4,3
131,389,4,3
123,329,5,3
188,186,5,2
177,129,3,2
164,168,3,2
135,230,4,3
134,338,4,3
191,176,5,2
166,232,4,2
149,252,4,3
194,190,5,4
196,202,5,2
156,176,5,2
192,390,5,2
166,230,3,3
152,195,5,2
160,277,5,2
145,139,4,2
98,250,4,2
162,241,4,2
199,160,3,4
86,286,5,4
197,249,5,2
142,142,3,2
121,398,5,2
121,370,4,2
138,128,3,3
99,132,5,3
152,171,3,3
96,328,3,4
106,157,5,2
126,219,4,3
81,312,5,2
142,310,5,2
141,170,4,4
179,260,5,4
98,287,5,3
96,228,5,3
148,326,3,4
118,229,3,4
161,315,3,2
196,271,5,2
197,362,4,3
150,247,3,3
160,224,4,4
118,129,5,3
115,267,3,2
119,259,5,4
124,309,4,2
83,213,3,4
181,348,3,4
104,182,3,2
148,144,3,3
109,387,4,3
155,130,3,3
147,320,5,3
167,245,3,2
108,309,4,4
152,208,3,2
147,235,4,3
130,296,4,3
103,133,5,2
93,376,3,4
148,328,3,2
97,224,3,2
121,266,5,2
136,398,5,4
162,128,4,2
91,237,4,2
161,213,4,3
96,263,5,2
109,133,5,3
167,376,5,3
154,305,4,3
178,326,5,4
102,291,4,3
160,389,4,2
80,340,3,2
158,271,3,3
111,230,3,3
88,302,4,2
94,191,3,3
107,193,3,4
103,334,3,3
139,142,5,4
114,187,4,4
165,212,3,4
106,182,5,3
162,343,5,4
188,344,5,4
155,222,3,3
99,334,5,4
144,311,4,3
164,279,5,2
128,326,5,4
188,388,5,3
80,313,5,2
89,271,4,4
126,356,3,4
138,207,4,3
175,130,4,2
141,306,3,3
182,333,5,4
165,134,3,4
97,385,3,4
191,192,4,4
125,171,3,2
111,247,5,2
106,147,4,3
171,184,5,3
97,136,4,3
118,257,5,4
128,348,3,3
172,373,3,2
161,329,3,3
123,350,5,3
151,360,4,2
133,189,4,2
174,223,4,4
113,323,3,2
150,172,5,2
115,173,4,3
97,395,5,2
117,150,4,4
138,254,3,3
88,177,5,4
152,224,4,2
189,385,4,4
151,129,4,4
130,372,4,2
114,275,3,2
161,277,4,3
84,156,4,3
93,238,3,3
171,186,4,2
109,361,5,4
83,332,5,4
118,220,4,3
163,175,3,3
143,358,3,2
104,350,3,4
107,211,4,3
155,398,4,2
145,228,5,3
186,287,3,2
157,337,4,4
101,341,4,2
110,280,4,3
102,135,3,3
127,397,3,4
99,176,5,4
117,181,3,3
134,361,4,3
147,209,5,3
158,191,3,4
167,149,3,3
168,205,3,4
80,353,3,3
86,354,4,2
136,384,3,2
174,388,4,3
91,305,4,2
185,250,4,4
84,396,5,2
187,299,4,2
129,282,3,4
121,390,5,2
181,215,3,2
91,381,4,3
182,202,3,4
97,344,5,4
145,342,5,3
153,237,3,3
158,311,3,2
173,198,3,2
187,197,5,2
96,266,4,3
147,226,3,4
150,390,4,2
141,363,5,3
120,192,3,4
174,145,3,3
194,329,5,2
198,211,3,3
182,244,4,3
198,192,5,3
113,242,5,3
149,303,3,4
193,306,5,2
181,317,3,4
124,197,3,3
137,305,5,3
130,372,3,2
113,132,4,2
123,195,4,4
94,170,3,4
157,394,4,2
149,268,3,4
129,338,4,3
180,241,5,3
193,330,3,2
111,399,3,4
146,145,3,3
82,292,3,2
165,275,3,4
165,357,3,3
153,201,5,4
130,392,5,4
146,187,4,4
155,163,3,2
172,180,4,3
127,242,4,2
96,315,5,3
86,230,4,3
92,377,5,2
199,208,4,2
145,317,3,3
83,319,4,3
89,218,5,3
182,146,5,4
167,208,5,3
96,265,4,2
131,301,4,2
85,376,5,2
162,308,3,3
148,359,3,3
175,315,4,4
153,284,4,4
88,390,5,2
170,127,4,4
156,157,4,4
162,233,5,2
100,175,5,3
103,257,4,4
181,221,3,3
83,296,4,2
103,288,3,2
138,380,3,4
178,342,3,2
82,318,5,2
147,330,5,2
180,299,5,4
119,369,4,4
127,350,5,4
133,142,5,2
114,167,4,3
174,228,4,2
135,125,3,4
187,157,4,3
168,288,4,3
119,322,5,4
156,392,3,3
147,363,3,3
125,166,4,4
157,368,5,3
92,198,5,3
106,229,5,4
85,132,5,3
96,209,4,3
115,399,5,3
183,340,3,3
192,192,3,4
178,353,4,2
160,379,5,2
184,232,5,3
81,165,5,4
156,393,5,4
131,162,4,3
145,327,5,2
131,222,4,3
171,243,5,4
122,129,5,4
169,306,3,2
101,150,4,4
190,275,3,4
186,179,4,4
134,368,5,2
146,389,5,4
178,336,4,3
139,121,3,2
137,143,4,3
91,325,4,3
167,318,5,2
148,233,3,3
163,399,4,2
182,274,3,3
118,284,3,2
92,341,4,4
120,210,3,4
136,286,5,3
132,326,5,4
188,184,5,2
91,123,5,3
92,276,3,4
199,368,5,4
153,376,4,3
176,354,5,4
136,193,4,4
119,306,4,3
197,181,5,4
159,283,5,4
124,175,3,4
114,230,4,4
82,337,5,3
199,359,3,2
84,140,5,2
169,260,5,4
90,384,5,4
150,258,4,2
196,189,5,4
135,237,3,2
89,317,5,3
185,324,5,3
195,333,3,3
113,175,3,3
146,294,4,3
151,247,4,3
110,345,4,2
154,183,4,4
188,167,3,2
150,321,5,3
188,179,5,4
145,376,5,4
149,184,4,3
120,358,3,3
142,157,3,3
111,144,3,3
99,178,5,3
136,277,4,3
177,176,3,4
129,167,4,3
159,175,3,3
104,184,4,4
91,387,3,2
150,188,4,3
118,335,3,4
96,208,3,4
124,376,4,2
90,279,4,3
149,353,5,3
102,250,4,3
170,168,3,4
189,266,3,3
149,121,4,3
117,264,5,3
81,180,4,3
165,392,3,2
163,168,3,2
168,250,5,2
158,162,4,3
192,176,3,3
172,169,3,4
151,297,3,4
116,165,4,4
128,289,4,3
131,390,5,2
112,258,3,2
101,366,3,2
193,267,5,3
190,349,3,2
84,399,5,4
182,244,5,4
97,311,3,2
117,199,4,4
197,213,4,2
196,345,4,2
116,184,4,4
173,207,3,4
194,207,5,4
174,320,5,4
143,333,3,2
89,323,4,4
158,208,5,4
121,180,3,3
127,390,3,4
123,213,4,4
161,146,3,2
166,333,5,2
176,193,5,3
95,180,3,4
133,305,5,4
181,150,3,4
114,338,5,4
177,131,4,4
107,151,5,4
81,279,4,3
173,356,4,4
92,346,3,4
120,300,4,4
159,165,5,3
138,199,5,4
148,254,4,3
198,379,3,2
171,366,4,4
132,278,5,3
182,322,5,2
124,231,4,3
99,238,4,3
103,136,4,2
140,346,5,4
170,236,5,4
173,162,5,3
137,234,3,2
188,156,5,4
106,232,5,3
105,154,3,2
86,251,3,3
121,347,3,2
126,266,3,4
132,241,3,4
138,200,3,3
117,292,4,4
148,273,4,4
166,269,4,2
171,177,4,4
177,182,5,2
132,275,3,2
94,287,5,3
175,285,3,2
105,204,3,4
127,256,5,2
174,308,4,2
98,121,5,3
88,225,5,4
143,191,3,4
172,245,3,4
133,289,3,2
130,324,4,4
118,314,5,4
83,277,5,2
82,260,4,3
199,394,5,3
143,126,5,2
108,173,3,3
195,223,4,3
90,180,3,3
176,206,4,4
181,377,3,3
137,297,5,4
154,361,4,3
106,322,4,4
176,150,3,2
100,199,4,2
118,130,5,3
174,373,5,4
181,295,5,2
125,245,3,2
145,166,4,2
170,325,3,2
115,226,5,3
154,394,4,4
190,242,5,2
161,253,4,3
144,226,4,2
142,169,3,2
178,214,4,2
114,387,5,2
110,142,4,3
107,173,5,4
182,373,3,3
80,354,5,3
104,178,4,3
122,283,5,2
181,378,5,4
163,335,4,2
146,302,5,3
142,176,4,2
130,264,3,4
81,209,5,4
161,164,3,2
187,376,5,3
143,140,5,2
153,140,3,3
148,171,5,4
88,290,5,2
81,186,3,4
113,232,5,3
139,279,4,3
181,385,5,2
140,351,5,2
110,187,5,2
89,147,3,4
193,235,4,3
155,170,4,3
115,300,5,4
197,379,3,2
164,198,3,2
128,392,4,4
190,227,3,3
149,193,5,3
191,294,5,3
128,303,3,3
82,142,5,4
153,393,4,3
84,248,5,4
189,305,3,2
169,178,4,4
140,120,5,3
164,250,4,2
188,186,3,4
169,208,5,4
181,219,5,4
187,308,4,2
105,360,5,4
151,389,5,3
84,338,5,2
94,295,5,2
95,352,3,4
80,270,5,3
95,396,4,2
116,348,3,4
82,290,4,3
131,342,4,4
126,332,4,4
174,160,3,2
92,241,3,2
199,346,3,4
159,207,5,2
134,386,4,2
186,148,3,3
100,366,4,3
145,363,3,4
133,180,3,4
106,266,3,4
117,293,4,4
169,397,5,3
137,261,3,2
141,163,3,3
181,263,3,4
125,174,5,4
168,280,4,3
90,317,4,3
151,278,4,4
87,199,4,2
176,150,3,4
196,231,5,3
150,165,3,4
143,324,5,4
181,171,4,2
100,257,5,4
151,193,3,4
194,160,3,4
197,196,4,3
142,306,3,3
164,171,3,2
143,206,5,4
199,228,3,3
99,344,4,2
87,367,4,4
137,188,3,2
125,239,4,2
110,186,5,2
193,180,5,2
172,310,3,2
191,308,3,2
88,270,5,2
94,215,4,4
173,382,3,4
105,216,3,2
89,232,4,4
108,244,3,2
197,251,4,4
159,240,4,3
115,316,4,2
163,241,4,3
188,379,4,2
197,158,5,2
116,173,4,3
165,280,5,3
150,319,4,3
102,395,3,2
120,135,5,3
183,292,3,3
172,367,4,4
159,337,4,4
181,206,3,3
107,201,4,3
127,181,3,3
117,161,4,3
110,131,4,4
93,353,5,2
196,250,3,3
176,234,4,3
152,337,3,4
170,256,5,3
167,225,3,3
156,298,5,4
169,135,3,3
108,361,3,3
130,345,5,4
128,361,4,2
122,260,4,3
171,318,4,3
171,231,3,2
151,246,3,4
166,140,4,2
172,266,3,3
84,208,3,2
121,322,4,4
86,204,5,3
121,286,3,4
115,191,3,4
184,128,3,2
106,377,3,2
137,394,5,4
125,357,4,4
145,139,3,3
104,352,4,4
152,340,3,4
196,136,5,2
106,208,4,4
80,315,5,4
166,203,3,2
153,206,5,3
121,273,5,2
131,347,3,2
104,383,3,4
133,342,4,4
146,240,3,3
85,292,4,4
137,123,5,3
149,247,5,3
132,229,4,3
145,156,3,3
137,190,3,4
161,150,5,2
166,387,4,2
81,130,5,4
155,151,5,4
101,176,3,3
116,285,4,4
99,307,5,2
182,138,3,4
103,235,5,4
191,303,5,3
163,389,3,3
144,152,3,3
144,129,4,3
160,199,5,2
80,311,4,4
196,309,3,4
195,187,3,3
188,244,5,2
173,178,4,2
184,216,4,4
190,394,5,3
82,268,5,4
125,397,4,4
134,384,3,2
154,128,3,2
167,392,5,4
165,127,4,3
143,327,4,3
187,244,4,4
124,242,3,4
105,152,3,3
156,120,4,3
144,323,4,3
103,125,5,4
153,124,5,2
114,199,4,3
103,393,4,3
107,296,3,3
179,255,4,4
159,144,5,2
183,302,3,2
95,287,5,3
138,297,5,4
160,214,3,2
194,152,5,4
133,230,4,2
158,265,5,3
95,350,3,4
94,391,3,3
177,157,3,2
90,254,5,2
144,354,4,3
158,279,3,2
169,157,4,3
194,269,3,3
147,148,4,3
122,263,4,2
148,195,4,4
178,264,3,3
92,348,5,4
89,183,5,2
154,388,5,2
161,303,4,4
177,380,3,3
182,387,4,2
120,288,3,3
185,378,4,3
129,346,3,4
166,152,3,2
150,333,3,4
138,169,4,2
118,329,5,4
82,148,4,2
155,158,4,2
86,219,3,2
128,292,3,3
105,136,5,3
112,175,5,4
180,345,3,4
127,165,5,2
158,186,5,2
81,316,3,3
184,261,4,3
150,142,5,3
111,213,3,4
83,361,5,3
99,356,5,4
193,173,3,3
196,257,5,3
115,391,5,2
111,160,5,4
107,217,4,3
156,302,4,2
80,247,5,4
139,348,3,4
135,205,5,3
114,375,5,4
191,328,4,2
109,334,4,2
133,219,4,4
115,168,5,2
134,320,5,4
168,377,3,2
159,297,5,4
137,364,5,4
162,242,4,4
144,290,4,2
148,255,4,4
130,178,4,4
101,312,4,3
167,387,3,3
186,379,3,4
188,214,3,3
195,244,4,4
180,160,4,3
132,373,4,2
179,126,3,2
115,335,4,4
147,188,3,4
115,188,4,2
131,200,5,2
132,149,3,3
161,192,5,4
129,381,3,2
159,208,4,2
120,327,4,4
97,332,5,3
101,385,4,3
145,326,3,3
100,196,4,3
179,166,4,2
123,229,3,4
182,319,5,4
126,329,5,2
118,273,4,2
108,129,3,2
133,276,5,4
169,380,5,4
164,196,4,4
96,376,3,3
159,250,5,2
139,186,4,2
110,347,4,2
194,282,4,4
152,134,4,2
174,351,5,2
157,314,3,3
128,149,4,4
180,339,4,2
81,266,5,4
195,378,4,4
127,262,4,4
189,354,3,3
93,234,4,4
138,209,5,4
176,327,3,4
178,283,5,2
137,203,3,3
182,196,3,2
137,280,4,3
190,124,4,3
130,197,4,4
163,210,5,4
81,206,4,2
194,389,4,3
120,223,3,4
162,294,4,4
180,173,4,4
161,330,4,4
95,214,4,2
83,342,3,2
91,128,4,4
108,172,3,4
86,196,5,4
93,325,4,4
198,231,4,4
91,284,4,3
178,398,3,3
84,146,4,3
160,189,4,3
185,337,5,4
111,308,3,3
153,243,3,3
122,138,5,2
160,376,3,3
148,141,4,3
124,159,4,4
185,157,5,3
88,167,3,3
128,302,3,4
112,194,3,3
179,328,5,4
179,302,4,3
97,226,5,2
88,307,4,2
141,383,5,3
136,205,4,2
108,256,3,4
193,214,3,3
157,364,3,4
104,209,5,2
94,178,5,4
85,147,5,2
199,191,3,2
121,389,4,2
108,143,3,4
158,231,3,2
172,175,4,3
83,342,4,2
161,239,4,3
193,298,4,3
136,308,3,3
128,185,5,3
123,368,3,4
182,195,4,3
159,256,5,2
154,283,5,3
93,352,3,2
82,374,3,4
194,289,3,3
193,293,5,2
141,137,5,4
185,189,5,4
143,235,4,2
181,199,4,3
124,134,3,4
185,295,5,2
161,388,3,3
137,238,5,4
99,307,3,2
137,176,4,4
191,318,5,4
168,136,4,2
136,174,5,4
181,388,3,2
156,206,5,3
147,148,4,2
198,141,5,3
157,167,3,4
176,124,5,2
171,369,4,2
131,282,3,2
116,321,4,2
87,220,5,3
123,190,4,3
177,282,5,4
187,292,3,4
84,260,4,4
197,257,4,4
148,185,5,2
110,317,4,3
124,347,4,3
88,291,3,3
185,159,5,3
111,126,5,4
112,293,3,2
146,270,3,3
109,330,5,2
193,205,3,2
155,372,3,2
108,140,3,2
82,376,5,3
169,152,3,3
136,379,4,3
109,353,4,4
88,122,5,3
105,346,3,4
81,189,4,4
141,373,5,4
82,263,4,3
125,143,3,3
147,353,5,3
104,294,4,4
130,278,5,4
92,137,4,2
182,163,4,4
123,274,3,4
114,350,3,3
134,344,4,2
166,336,5,2
88,175,5,2
81,150,3,3
140,178,4,2
197,354,3,2
120,226,4,3
123,310,4,2
143,137,3,4
110,345,5,4
187,286,3,4
126,190,4,4
81,173,3,4
175,364,5,4
161,195,5,4
156,154,4,4
189,386,3,4
148,240,5,3
137,144,3,3
185,279,5,4
123,203,4,3
153,233,4,3
135,342,3,4
122,285,4,4
168,310,5,3
113,294,4,4
180,120,5,4
109,348,5,4
150,205,4,4
149,181,5,3
197,325,5,2
134,224,3,3
146,369,3,2
92,132,3,2
82,282,4,2
105,162,3,3
136,230,5,3
103,324,4,3
132,375,4,3
149,263,4,3
122,265,4,2
139,283,5,3
137,288,5,2
128,352,3,3
121,390,4,3
155,179,3,4
192,354,5,2
179,284,4,3
145,313,5,3
90,353,3,3
182,302,5,4
177,351,4,2
169,226,4,3
97,342,3,3
164,199,4,3
179,353,5,4
183,303,5,3
131,304,5,2
125,253,5,2
123,339,3,2
101,321,5,2
132,265,3,3
138,246,5,4
173,254,3,4
193,233,5,4
186,383,5,3
109,183,3,4
87,254,4,2
177,160,4,3
136,122,4,4
190,313,3,2
152,229,4,2
194,340,4,3
99,123,3,3
183,363,4,4
104,285,4,4
98,145,4,4
84,136,3,3
154,335,3,4
158,211,4,4
151,150,4,2
162,324,3,2
166,326,4,2
106,226,3,4
119,265,4,3
175,220,3,2
105,360,5,3
106,366,5,4
141,282,3,4
162,292,5,2
129,154,4,3
121,140,3,2
108,282,3,4
118,216,4,3
139,174,4,2
120,246,3,4
112,312,4,2
162,362,3,3
180,207,4,3
162,334,3,3
176,211,4,3
190,354,4,3
95,303,5,2
102,157,5,2
86,258,5,2
105,314,4,2
175,134,3,4
91,376,4,4
151,254,5,2
84,120,4,4
185,168,5,4
171,215,5,3
196,320,3,2
148,145,3,4
128,354,5,4
105,363,5,2
84,170,4,3
101,200,5,2
158,155,4,3
92,186,5,4
107,248,3,3
112,274,3,3
186,364,5,2
102,230,4,4
176,287,4,2
186,261,4,2
97,316,5,4
193,228,5,2
196,198,3,2
109,280,3,3
105,138,5,2
95,246,3,4
156,324,4,2
118,148,4,3
112,326,5,2
105,399,4,2
127,270,5,2
144,359,4,3
192,385,5,4
117,301,4,4
81,224,4,3
192,355,3,3
85,292,3,2
125,277,3,4
129,291,3,3
117,276,3,4
185,377,3,2
167,283,5,3
97,266,5,4
106,273,3,4
120,157,5,2
151,250,3,3
171,374,5,4
153,327,4,2
96,214,5,4
198,290,5,2
141,369,5,4
108,309,4,4
137,318,3,2
149,340,5,3
157,143,5,2
101,363,4,3
197,247,3,4
85,212,5,4
105,252,4,2
118,174,3,2
91,277,3,3
178,148,5,3
93,330,5,3
101,273,5,2
130,341,5,4
102,234,4,2
127,277,4,4
150,378,5,2
183,370,3,2
129,241,5,3
168,382,3,4
92,168,3,2
164,196,3,2
184,246,4,4
89,316,3,2
196,340,3,4
134,210,4,3
88,127,3,3
158,151,3,4
131,388,5,3
81,310,3,4
104,282,3,2
92,180,3,2
177,383,3,4
130,214,3,2
137,160,4,3
113,268,3,2
114,323,3,2
181,386,4,4
82,121,4,3
185,297,3,2
199,313,3,2
138,315,3,4
149,368,5,4
198,331,5,3
127,272,3,2
143,277,4,4
192,258,3,4
98,340,4,4
146,392,4,3
161,273,4,4
182,368,3,3
152,398,3,3
195,395,4,2
155,121,5,2
84,207,5,3
146,249,5,2
90,197,4,2
173,379,3,4
147,360,4,2
148,260,5,3
80,347,3,2
170,282,4,4
171,355,4,3
142,247,5,2
108,319,4,3
161,150,3,2
91,257,5,4
156,140,5,2
120,353,3,3
81,321,5,3
116,398,4,3
124,250,4,2
159,267,5,2
127,148,3,2
103,281,4,4
178,180,3,4
101,244,4,4
179,190,4,3
90,362,5,3
198,368,5,3
137,340,3,3
125,140,5,3
108,201,4,2
114,129,4,3
191,131,3,2
197,382,3,4
94,264,4,4
139,311,5,4
174,369,5,4
121,233,3,4
184,145,3,3
122,390,4,3
159,152,4,3
153,181,3,4
128,348,4,4
143,214,3,2
111,154,3,3
143,312,5,4
194,195,3,4
81,368,4,4
103,202,5,2
166,144,5,4
145,176,4,2
117,151,4,2
110,131,4,3
194,211,3,4
183,120,5,2
105,255,3,4
108,315,3,3
146,252,3,3
157,205,3,2
104,398,5,3
127,299,5,3
144,123,3,3
132,245,4,4
146,294,5,4
197,370,3,2
169,140,4,2
97,224,4,3
88,185,3,3
117,382,5,2
166,168,4,3
100,135,5,2
144,264,5,4
100,369,4,3
106,194,3,3
185,185,4,3
149,244,4,4
198,206,5,4
123,160,3,3
179,305,5,2
107,385,4,4
124,390,3,3
96,161,3,3
119,212,3,4
195,304,3,2
82,334,3,3
155,136,4,2
182,384,4,2
155,233,4,4
145,167,5,3
199,216,3,3
125,214,3,2
165,193,4,4
166,187,3,4
109,365,5,4
148,196,3,2
88,327,3,2
164,373,5,3
90,340,4,4
148,381,4,2
178,378,3,4
170,193,5,2
192,244,4,3
145,307,4,4
167,373,4,2
110,354,3,4
112,369,5,2
118,191,3,2
173,354,4,2
125,275,5,4
116,234,3,2
194,347,4,3
171,364,4,4
139,133,3,3
110,135,4,3
90,161,4,4
166,229,5,2
81,397,4,3
183,138,3,4
184,185,5,2
106,286,3,4
178,192,4,4
81,231,5,4
182,393,5,2
180,204,5,3
100,258,5,3
137,158,3,4
84,224,4,4
131,242,4,2
124,337,5,4
164,180,4,4
172,219,3,4
99,323,4,3
140,377,3,4
117,124,3,3
99,316,4,2
193,299,3,2
104,252,3,3
81,372,3,3
111,384,3,3
105,212,5,3
149,269,4,4
120,257,5,3
146,327,3,3
176,244,4,3
80,353,3,4
130,180,4,4
84,385,5,4
92,253,4,2
98,232,3,4
91,310,4,3
127,306,4,4
104,208,5,4
136,306,3,3
194,251,4,4
114,242,5,2
155,167,4,4
173,298,3,2
84,299,4,2
177,218,4,2
101,153,4,3
182,189,4,4
156,290,3,2
136,391,5,2
126,178,5,4
133,300,4,3
82,138,3,3
132,345,3,2
163,214,3,3
110,200,3,4
148,294,3,3
167,341,3,4
183,222,4,2
197,173,5,4
112,302,5,2
151,187,4,4
167,147,5,4
129,393,3,3
163,238,3,4
95,253,5,2
193,248,3,4
195,127,3,2
155,170,5,2
156,294,4,4
188,302,5,3
185,311,5,4
118,368,5,4
168,354,5,3
125,202,4,2
175,212,4,4
167,387,3,3
191,239,3,3
126,190,5,2
123,136,3,3
88,372,4,2
183,241,3,4
193,129,3,3
166,392,3,4
129,329,5,3
156,337,3,3
139,360,4,4
175,319,4,3
193,335,4,4
94,324,4,4
115,335,3,2
192,199,5,4
142,386,4,2
148,154,4,4
165,137,5,3
159,284,5,4
120,132,4,3
153,321,4,2
103,348,5,3
161,120,4,4
128,336,4,3
97,153,3,2
86,385,5,3
83,247,3,3
169,331,3,4
148,382,5,4
139,199,3,3
134,284,4,2
95,371,3,3
178,131,5,2
169,331,4,2
161,231,4,2
108,330,4,3
102,358,4,2
196,387,3,3
93,177,3,2
158,153,4,2
128,382,5,3
112,154,4,4
104,390,3,4
100,346,4,3
96,144,3,3
102,353,4,4
136,178,5,4
186,370,4,4
160,205,5,3
137,370,5,2
93,299,4,3
172,326,5,4
99,268,5,2
109,190,3,3
98,240,3,4
132,372,5,3
182,212,4,2
135,375,5,4
156,373,4,3
161,178,3,2
102,188,4,2
141,205,5,3
189,393,5,2
112,346,5,4
182,200,5,2
183,233,5,3
97,303,4,4
152,399,5,2
112,173,3,2
111,316,5,4
140,299,4,4
133,341,5,2
96,393,5,4
98,363,4,3
170,273,5,2
149,392,4,3
178,254,5,2
199,127,3,3
180,247,5,3
113,175,4,4
163,245,3,2
104,278,4,4
147,178,5,4
153,177,3,2
153,259,4,3
167,295,3,2
164,227,3,2
90,330,4,2
170,193,3,4
95,286,4,2
169,352,3,2
140,301,3,2
173,241,3,3
192,322,5,3
159,148,5,3
86,321,4,3
95,212,3,4
178,295,4,4
95,330,5,2
119,303,5,4
91,214,5,3
114,392,5,2
192,256,4,2
100,356,3,3
129,384,4,3
122,254,3,3
179,263,5,4
191,138,3,2
96,350,5,3
111,253,4,2
120,233,3,2
85,258,4,4
167,244,5,2
106,323,4,3
99,180,5,3
104,369,5,2
145,132,5,2
88,374,4,4
171,204,4,3
132,139,3,3
140,169,3,2
117,283,4,2
82,211,4,2
163,207,4,3
149,188,4,2
182,156,5,4
176,372,5,4
134,371,5,2
80,259,4,4
180,287,5,4
149,173,5,4
124,297,3,4
177,225,3,4
126,256,5,3
158,309,5,2
188,247,5,4
105,166,4,2
93,124,3,4
133,376,3,3
150,269,3,3
125,362,5,4
110,394,4,4
167,327,3,4
138,234,3,3
174,314,4,3
108,289,5,2
185,201,5,3
175,273,3,4
96,260,3,2
93,265,4,3
183,241,3,3
115,371,4,4
137,208,3,2
191,177,3,3
103,182,3,3
188,399,5,4
142,191,4,2
197,128,4,2
170,213,5,2
104,271,5,2
138,159,5,4
111,181,4,3
195,373,3,3
161,188,5,2
189,364,5,2
97,289,5,2
116,297,3,3
105,308,3,3
88,379,5,2
178,191,3,4
143,136,5,3
151,176,3,3
99,337,4,2
133,226,4,4
185,292,3,2
165,338,4,2
162,366,4,4
109,337,4,4
132,150,5,4
171,166,3,3
178,253,3,2
186,227,3,3
142,191,4,4
90,227,5,3
110,391,3,4
128,290,4,4
191,235,5,2
182,193,5,2
179,375,3,2
173,200,3,3
166,387,4,2
98,247,3,4
91,354,4,2
94,160,5,3
110,300,5,2
122,276,5,2
180,178,5,2
116,368,3,3
158,311,3,4
108,143,4,4
193,199,4,4
186,253,4,2
105,332,4,2
187,285,4,3
81,190,5,4
163,333,5,2
94,184,5,2
195,340,4,2
83,304,5,3
165,326,5,4
129,218,5,3
117,361,5,4
102,277,3,4
138,217,4,2
169,161,4,2
194,258,3,2
154,346,5,2
107,191,5,2
199,362,5,4
145,137,4,2
87,196,4,2
108,164,4,3
90,259,4,3
180,296,4,4
97,341,3,4
134,211,4,3
129,141,5,3
93,291,4,2
197,211,3,2
153,311,5,4
178,196,3,3
88,298,5,4
178,357,4,2
90,254,3,4
142,399,5,4
187,138,4,4
155,202,5,2
146,347,3,4
132,384,3,2
118,231,3,3
157,370,3,4
135,283,4,4
107,287,5,2
154,340,4,4
118,310,3,2
104,289,5,4
100,164,3,3
89,133,4,3
122,350,4,3
94,276,4,4
162,253,5,4
127,156,5,3
165,172,3,3
100,137,5,2
139,157,5,2
195,306,4,3
187,315,3,3
175,362,4,4
129,154,3,3
102,334,3,2
92,338,5,2
148,209,4,2
83,371,5,2
171,127,5,2
157,375,5,2
151,327,3,3
88,250,4,2
194,343,4,2
114,316,5,2
180,261,3,2
100,371,4,3
137,215,4,4
97,145,5,4
176,230,3,4
151,242,5,4
194,305,4,2
192,287,3,4
160,170,5,4
122,124,4,3
174,196,5,3
177,279,5,3
85,327,5,2
165,376,3,2
157,324,4,2
146,374,4,3
91,130,4,4
179,127,4,3
91,151,3,2
188,147,5,3
145,325,4,4
81,347,3,2
94,247,5,4
102,374,3,4
108,331,3,2
160,358,4,4
175,326,4,3
86,364,5,4
173,164,5,4
107,224,4,4
93,353,3,3
123,308,4,4
109,163,5,4
160,344,3,3
111,261,3,2
189,255,3,2
149,295,4,2
194,261,4,4
167,199,5,2
85,201,3,3
106,254,3,4
161,326,4,4
167,296,5,4
